2018-04-08, 32
2018-01-18, 68
2018-01-21, 46
2018-01-30, 72
2018-03-11, 26
2018-02-15, 69
2018-04-05, 63
2018-04-21, 22
2018-01-28, 39
2018-02-01, 66
2018-03-03, 38
2018-01-12, 75
2018-02-21, 61
2018-04-20, 60
2018-04-01, 30
2018-04-13, 70
2018-02-20, 71
2018-02-25, 29
2018-04-11, 84
2018-01-25, 60
2018-04-28, 43
2018-03-15, 61
2018-01-19, 57
2018-01-27, 21
2018-04-26, 119
2018-04-04, 69
2018-04-27, 124
2018-01-24, 74
2018-03-14, 73
2018-01-11, 67
2018-04-17, 81
2018-02-24, 30
2018-03-08, 59
2018-02-17, 42
2018-02-28, 71
2018-04-03, 52
2018-03-12, 55
2018-03-26, 59
2018-01-08, 55
2018-03-09, 59
2018-02-27, 48
2018-04-10, 61
2018-03-07, 70
2018-04-09, 54
2018-04-23, 56
2018-02-07, 71
2018-01-16, 55
2018-01-14, 27
2018-01-17, 55
2018-01-29, 55
2018-01-09, 62
2018-02-16, 70
2018-01-06, 14
2018-04-18, 73
2018-04-16, 61
2018-03-19, 61
2018-02-14, 67
2018-03-01, 65
2018-01-26, 77
2018-02-08, 71
2018-01-02, 55
2018-01-13, 30
2018-03-23, 56
2018-03-13, 71
2018-01-04, 58
2018-03-29, 55
2018-04-06, 62
2018-02-06, 56
2018-01-22, 57
2018-03-25, 19
2018-03-31, 23
2018-03-30, 48
2018-02-05, 45
2018-04-24, 95
2018-03-05, 68
2018-02-12, 61
2018-03-21, 68
2018-04-14, 26
2018-03-24, 28
2018-02-23, 67
2018-02-19, 47
2018-01-03, 67
2018-01-07, 41
2018-01-31, 69
2018-02-22, 75
2018-03-02, 71
2018-01-23, 73
2018-04-25, 98
2018-03-04, 44
2018-01-05, 61
2018-02-13, 63
2018-02-09, 69
2018-01-01, 30
2018-02-04, 30
2018-03-22, 67
2018-01-15, 40
2018-01-20, 27
2018-01-10, 60
2018-04-30, 124
2018-03-16, 54
2018-05-03, 250
2018-03-06, 83
2018-03-18, 26
2018-02-18, 37
2018-03-27, 52
2018-02-10, 32
2018-04-12, 77
2018-02-26, 56
2018-02-11, 35
2018-03-17, 28
2018-05-02, 193
2018-02-03, 17
2018-04-29, 65
2018-04-15, 26
2018-05-01, 151
2018-04-02, 50
2018-03-20, 58
2018-03-28, 47
2018-04-19, 78
2018-04-07, 26
2018-04-22, 29
2018-02-02, 61
2018-03-10, 22
2017-03-02, 87
2017-02-10, 99
2017-04-05, 98
2017-11-28, 62
2017-11-03, 78
2017-08-05, 26
2017-11-15, 79
2017-06-23, 84
2017-05-28, 29
2017-10-28, 25
2017-03-05, 37
2017-03-09, 74
2017-08-04, 73
2017-06-11, 38
2017-04-18, 75
2017-05-05, 101
2017-10-03, 93
2017-03-22, 88
2017-05-15, 80
2017-04-29, 39
2017-01-06, 70
2017-08-17, 73
2017-10-04, 80
2017-12-12, 57
2017-06-02, 98
2017-03-24, 77
2017-11-22, 57
2017-04-20, 78
2017-10-12, 83
2017-04-07, 106
2017-01-03, 54
2017-01-19, 110
2017-09-02, 34
2017-12-08, 72
2017-06-03, 39
2017-11-11, 30
2017-01-23, 64
2017-04-25, 72
2017-11-07, 96
2017-09-07, 82
2017-08-30, 63
2017-02-09, 81
2017-02-15, 96
2017-09-22, 62
2017-07-14, 85
2017-05-25, 71
2017-03-14, 69
2017-03-29, 79
2017-05-01, 84
2017-04-26, 80
2017-09-09, 31
2017-02-07, 82
2017-11-09, 75
2017-07-13, 88
2017-06-17, 42
2017-03-17, 89
2017-09-11, 60
2017-06-22, 108
2017-10-30, 80
2017-09-03, 40
2017-06-01, 86
2017-11-02, 88
2017-01-25, 83
2017-09-27, 103
2017-08-09, 79
2017-09-01, 66
2017-11-06, 69
2017-09-06, 100
2017-09-26, 79
2017-07-03, 63
2017-02-16, 93
2017-05-11, 76
2017-03-26, 30
2017-05-09, 81
2017-05-13, 37
2017-07-26, 67
2017-09-15, 70
2017-02-28, 74
2017-09-24, 33
2017-01-08, 47
2017-01-10, 84
2017-03-27, 75
2017-06-13, 78
2017-12-22, 47
2017-02-17, 89
2017-01-27, 88
2017-04-06, 93
2017-04-16, 42
2017-08-10, 71
2017-06-20, 86
2017-12-19, 53
2017-12-07, 73
2017-03-03, 74
2017-05-14, 46
2017-03-08, 84
2017-09-28, 79
2017-03-30, 83
2017-07-20, 71
2017-08-26, 24
2017-03-10, 84
2017-09-08, 97
2017-06-07, 104
2017-03-25, 36
2017-11-30, 72
2017-12-01, 68
2017-11-16, 81
2017-11-14, 62
2017-06-29, 96
2017-12-17, 27
2017-07-05, 62
2017-08-16, 81
2017-07-02, 34
2017-01-31, 91
2017-04-28, 95
2017-12-28, 78
2017-05-23, 86
2017-11-29, 87
2017-08-08, 66
2017-06-05, 60
2017-03-15, 102
2017-10-13, 82
2017-09-20, 82
2017-12-14, 58
2017-10-05, 93
2017-02-02, 95
2017-07-16, 30
2017-12-27, 35
2017-08-27, 32
2017-11-10, 72
2017-07-22, 39
2017-01-12, 85
2017-08-28, 75
2017-05-02, 74
2017-01-04, 78
2017-11-01, 92
2017-06-10, 43
2017-02-26, 48
2017-08-14, 73
2017-06-25, 35
2017-10-11, 91
2017-08-21, 64
2017-09-17, 51
2017-10-21, 30
2017-11-21, 65
2017-11-27, 47
2017-06-12, 90
2017-10-17, 75
2017-07-31, 68
2017-05-03, 80
2017-01-24, 75
2017-10-19, 75
2017-04-14, 82
2017-10-10, 88
2017-06-24, 25
2017-01-14, 35
2017-05-06, 36
2017-12-10, 32
2017-05-30, 56
2017-07-21, 82
2017-08-19, 22
2017-06-19, 62
2017-01-18, 115
2017-06-30, 72
2017-03-16, 96
2017-01-20, 93
2017-10-26, 76
2017-08-29, 68
2017-08-02, 75
2017-10-02, 74
2017-05-10, 85
2017-02-24, 102
2017-02-08, 83
2017-07-27, 83
2017-10-09, 64
2017-08-15, 73
2017-08-03, 72
2017-07-19, 77
2017-05-04, 74
2017-01-21, 38
2017-12-21, 53
2017-02-03, 95
2017-04-09, 40
2017-07-25, 79
2017-09-21, 76
2017-11-17, 70
2017-03-18, 45
2017-09-13, 79
2017-05-16, 67
2017-05-29, 40
2017-08-31, 76
2017-03-11, 38
2017-10-29, 36
2017-11-12, 38
2017-06-26, 68
2017-10-23, 61
2017-11-19, 36
2017-04-03, 72
2017-05-26, 81
2017-03-01, 87
2017-04-17, 50
2017-05-20, 29
2017-04-12, 85
2017-07-07, 77
2017-08-07, 52
2017-07-18, 70
2017-02-22, 71
2017-03-04, 44
2017-10-18, 80
2017-04-10, 70
2017-09-10, 44
2017-02-04, 35
2017-02-12, 58
2017-08-13, 47
2017-01-09, 69
2017-10-01, 45
2017-09-04, 48
2017-06-16, 83
2017-10-08, 33
2017-12-11, 53
2017-03-07, 70
2017-12-05, 67
2017-06-08, 90
2017-11-25, 19
2017-10-31, 74
2017-01-22, 39
2017-10-06, 82
2017-05-07, 28
2017-03-23, 85
2017-09-12, 85
2017-05-22, 64
2017-03-12, 47
2017-09-29, 69
2017-10-27, 70
2017-09-18, 81
2017-12-09, 26
2017-03-19, 42
2017-02-14, 111
2017-07-11, 67
2017-12-15, 62
2017-09-14, 62
2017-02-05, 39
2017-06-06, 74
2017-04-15, 41
2017-09-05, 70
2017-01-26, 80
2017-04-13, 74
2017-02-01, 93
2017-12-06, 74
2017-04-04, 74
2017-03-21, 71
2017-11-05, 42
2017-12-20, 74
2017-04-11, 63
2017-06-15, 84
2017-11-20, 57
2017-05-12, 83
2017-05-24, 79
2017-11-18, 21
2017-04-27, 89
2017-10-16, 81
2017-01-01, 27
2017-01-16, 54
2017-01-02, 37
2017-07-30, 27
2017-06-04, 38
2017-01-30, 99
2017-02-19, 48
2017-07-28, 67
2017-11-23, 19
2017-01-13, 87
2017-08-22, 61
2017-05-17, 105
2017-02-11, 41
2017-03-20, 68
2017-09-25, 66
2017-07-06, 96
2017-06-27, 69
2017-10-25, 84
2017-11-13, 80
2017-06-09, 82
2017-06-21, 100
2017-08-01, 63
2017-11-08, 83
2017-07-24, 70
2017-11-24, 37
2017-07-29, 33
2017-12-18, 47
2017-06-28, 73
2017-08-06, 40
2017-07-17, 59
2017-10-22, 42
2017-01-28, 44
2017-12-26, 32
2017-10-20, 62
2017-05-21, 32
2017-04-24, 73
2017-11-04, 31
2017-08-12, 30
2017-03-31, 83
2017-03-13, 60
2017-04-22, 36
2017-10-24, 75
2017-01-05, 63
2017-11-26, 24
2017-10-14, 32
2017-02-06, 71
2017-12-24, 28
2017-03-28, 75
2017-03-06, 68
2017-02-18, 36
2017-02-13, 84
2017-05-08, 62
2017-07-01, 37
2017-07-09, 29
2017-08-25, 82
2017-06-14, 69
2017-07-23, 26
2017-04-21, 71
2017-05-18, 97
2017-07-10, 52
2017-01-15, 39
2017-12-13, 74
2017-04-19, 79
2017-06-18, 33
2017-05-19, 78
2017-12-23, 21
2017-09-23, 34
2017-08-24, 63
2017-01-29, 51
2017-01-11, 102
2017-08-23, 71
2017-04-30, 37
2017-10-07, 34
2017-02-20, 47
2017-07-08, 35
2017-02-21, 57
2017-02-27, 64
2017-09-16, 32
2017-07-12, 68
2017-08-18, 68
2017-01-17, 77
2017-04-01, 31
2017-04-02, 38
2017-07-15, 28
2017-04-08, 37
2017-05-31, 80
2017-02-23, 83
2017-02-25, 38
2017-12-25, 20
2017-09-30, 33
2017-01-07, 28
2017-10-15, 36
2017-08-11, 71
2017-12-02, 32
2017-09-19, 62
2017-08-20, 37
2017-07-04, 41
2017-12-04, 67
2017-12-03, 41
2017-12-31, 20
2017-12-29, 44
2017-12-30, 15
2017-05-27, 24
2017-12-16, 27
2017-04-23, 34
2016-12-01, 72
2016-11-30, 79
2016-06-19, 76
2016-06-23, 76
2016-01-17, 61
2016-04-01, 69
2016-07-14, 82
2016-12-20, 57
2016-03-10, 69
2016-06-03, 72
2016-11-20, 70
2016-01-04, 33
2016-11-05, 57
2016-02-02, 59
2016-07-16, 62
2016-04-18, 44
2016-05-14, 58
2016-03-06, 65
2016-09-25, 62
2016-06-28, 64
2016-03-12, 42
2016-12-16, 76
2016-03-17, 64
2016-11-29, 71
2016-07-30, 53
2016-12-02, 83
2016-10-18, 72
2016-01-21, 76
2016-11-06, 79
2016-03-15, 76
2016-05-21, 43
2016-11-19, 56
2016-07-22, 75
2016-05-06, 86
2016-03-24, 66
2016-09-29, 81
2016-06-13, 43
2016-03-08, 61
2016-12-30, 57
2016-11-26, 31
2016-11-21, 82
2016-10-20, 76
2016-09-05, 34
2016-09-28, 84
2016-12-05, 82
2016-01-03, 35
2016-08-07, 55
2016-10-01, 47
2016-11-17, 74
2016-12-12, 66
2016-03-20, 62
2016-12-23, 46
2016-05-18, 74
2016-06-30, 67
2016-12-13, 65
2016-06-07, 57
2016-11-04, 79
2016-10-13, 54
2016-06-25, 71
2016-09-04, 49
2016-07-09, 57
2016-12-27, 45
2016-05-07, 63
2016-07-05, 54
2016-07-19, 73
2016-04-17, 55
2016-04-07, 87
2016-06-17, 77
2016-12-15, 61
2016-01-26, 54
2016-05-13, 70
2016-01-29, 72
2016-02-22, 45
2016-08-12, 78
2016-07-29, 62
2016-10-06, 78
2016-05-09, 50
2016-09-20, 56
2016-08-18, 60
2016-09-17, 51
2016-10-21, 75
2016-11-01, 67
2016-10-14, 72
2016-05-16, 41
2016-01-10, 55
2016-11-16, 69
2016-05-25, 74
2016-11-12, 55
2016-05-03, 66
2016-02-03, 75
2016-05-26, 75
2016-10-08, 68
2016-07-26, 67
2016-07-24, 48
2016-04-29, 58
2016-07-25, 51
2016-07-08, 73
2016-07-20, 78
2016-01-13, 59
2016-03-13, 45
2016-04-13, 64
2016-08-13, 56
2016-01-16, 58
2016-07-02, 52
2016-03-14, 43
2016-05-05, 74
2016-04-06, 89
2016-12-08, 72
2016-10-09, 64
2016-06-22, 64
2016-12-19, 61
2016-04-16, 57
2016-03-26, 43
2016-07-13, 77
2016-08-17, 62
2016-06-26, 74
2016-09-09, 85
2016-11-10, 91
2016-10-31, 53
2016-09-23, 69
2016-08-05, 69
2016-12-09, 86
2016-08-23, 50
2016-12-04, 44
2016-02-21, 69
2016-07-17, 73
2016-11-23, 65
2016-08-31, 58
2016-03-27, 60
2016-03-30, 70
2016-01-18, 38
2016-06-24, 73
2016-10-22, 48
2016-01-31, 42
2016-12-28, 56
2016-02-05, 82
2016-10-07, 67
2016-11-15, 65
2016-09-10, 56
2016-02-25, 59
2016-12-31, 32
2016-09-18, 92
2016-07-01, 77
2016-09-16, 73
2016-10-11, 76
2016-08-26, 52
2016-04-23, 55
2016-07-15, 66
2016-02-14, 54
2016-05-04, 78
2016-03-11, 69
2016-03-29, 53
2016-08-01, 36
2016-04-08, 61
2016-11-03, 77
2016-07-07, 79
2016-01-28, 74
2016-07-12, 63
2016-07-31, 52
2016-06-01, 62
2016-09-13, 67
2016-10-12, 70
2016-01-12, 64
2016-08-04, 70
2016-08-16, 44
2016-01-14, 83
2016-11-07, 42
2016-07-03, 65
2016-04-03, 57
2016-08-21, 46
2016-09-01, 69
2016-04-21, 71
2016-01-05, 58
2016-03-04, 79
2016-03-31, 64
2016-12-14, 77
2016-05-28, 50
2016-10-03, 55
2016-11-22, 70
2016-06-04, 49
2016-08-28, 51
2016-06-10, 69
2016-05-20, 60
2016-10-28, 61
2016-09-08, 85
2016-04-02, 52
2016-12-26, 26
2016-11-09, 86
2016-07-04, 37
2016-06-29, 72
2016-12-29, 44
2016-12-06, 80
2016-05-22, 52
2016-03-05, 55
2016-10-25, 63
2016-11-18, 69
2016-09-30, 71
2016-04-24, 68
2016-09-07, 85
2016-03-01, 73
2016-07-21, 75
2016-01-06, 62
2016-08-14, 60
2016-01-20, 62
2016-11-13, 79
2016-10-29, 44
2016-06-02, 78
2016-10-17, 50
2016-12-07, 83
2016-05-10, 63
2016-12-03, 33
2016-11-28, 59
2016-07-27, 72
2016-02-09, 56
2016-10-10, 60
2016-06-06, 45
2016-04-20, 65
2016-05-31, 42
2016-02-15, 26
2016-02-23, 63
2016-08-06, 45
2016-10-23, 52
2016-04-15, 75
2016-12-22, 68
2016-06-15, 64
2016-01-27, 54
2016-10-24, 34
2016-09-11, 86
2016-06-08, 60
2016-09-14, 74
2016-03-09, 60
2016-10-26, 72
2016-04-28, 84
2016-09-24, 55
2016-02-13, 50
2016-03-25, 65
2016-02-06, 49
2016-02-08, 34
2016-05-12, 67
2016-09-06, 60
2016-10-19, 51
2016-01-19, 57
2016-01-09, 50
2016-10-05, 61
2016-03-22, 50
2016-08-09, 57
2016-12-21, 63
2016-04-22, 74
2016-09-27, 59
2016-06-16, 73
2016-03-21, 33
2016-02-24, 60
2016-03-02, 73
2016-05-08, 66
2016-06-21, 54
2016-07-10, 57
2016-07-06, 68
2016-05-19, 78
2016-09-21, 68
2016-03-28, 31
2016-01-15, 63
2016-02-04, 68
2016-10-27, 62
2016-07-18, 61
2016-03-16, 84
2016-04-14, 74
2016-04-26, 65
2016-02-11, 68
2016-09-26, 50
2016-01-02, 28
2016-11-02, 61
2016-07-23, 56
2016-09-02, 67
2016-09-03, 63
2016-01-01, 32
2016-03-03, 80
2016-05-17, 59
2016-08-29, 42
2016-08-15, 47
2016-03-23, 64
2016-06-27, 43
2016-03-07, 39
2016-05-29, 45
2016-04-30, 51
2016-07-11, 54
2016-08-03, 51
2016-12-11, 32
2016-10-02, 66
2016-06-14, 75
2016-02-27, 52
2016-05-02, 42
2016-04-25, 32
2016-06-18, 70
2016-05-23, 35
2016-05-01, 72
2016-10-04, 58
2016-09-19, 57
2016-01-22, 57
2016-05-24, 56
2016-11-08, 58
2016-04-05, 56
2016-04-10, 62
2016-02-17, 66
2016-01-24, 53
2016-06-20, 40
2016-08-30, 48
2016-04-12, 62
2016-08-10, 55
2016-05-27, 69
2016-02-18, 55
2016-11-14, 49
2016-04-09, 57
2016-08-11, 60
2016-02-19, 67
2016-09-22, 76
2016-01-23, 49
2016-05-11, 70
2016-02-10, 58
2016-02-07, 54
2016-04-27, 67
2016-09-15, 78
2016-06-12, 58
2016-02-26, 60
2016-07-28, 67
2016-11-24, 36
2016-04-19, 58
2016-01-07, 62
2016-11-11, 68
2016-01-11, 48
2016-08-27, 48
2016-01-08, 53
2016-02-29, 56
2016-08-24, 51
2016-12-10, 36
2016-06-11, 43
2016-02-20, 57
2016-08-22, 32
2016-01-25, 39
2016-05-15, 67
2016-10-16, 72
2016-02-12, 64
2016-03-18, 57
2016-06-09, 58
2016-12-25, 29
2016-02-16, 53
2016-04-11, 42
2016-08-20, 49
2016-10-30, 79
2016-02-28, 62
2016-06-05, 51
2016-04-04, 45
2016-08-02, 53
2016-10-15, 54
2016-08-19, 58
2016-02-01, 35
2016-11-25, 47
2016-12-17, 21
2016-01-30, 41
2016-09-12, 57
2016-12-24, 23
2016-08-25, 62
2016-08-08, 39
2016-03-19, 39
2016-11-27, 24
2016-12-18, 26
2016-05-30, 23
2015-05-21, 57
2015-10-26, 34
2015-10-22, 76
2015-02-20, 38
2015-01-13, 56
2015-11-05, 69
2015-12-23, 52
2015-09-03, 67
2015-07-25, 52
2015-08-11, 58
2015-09-01, 51
2015-06-19, 55
2015-02-15, 41
2015-10-14, 67
2015-11-16, 37
2015-06-22, 33
2015-08-15, 37
2015-11-17, 51
2015-09-11, 57
2015-05-20, 62
2015-12-13, 43
2015-12-09, 78
2015-11-15, 83
2015-01-18, 41
2015-06-18, 64
2015-11-01, 88
2015-04-21, 36
2015-07-12, 67
2015-04-11, 37
2015-03-13, 46
2015-02-09, 31
2015-04-01, 52
2015-05-04, 41
2015-04-05, 43
2015-11-06, 64
2015-08-10, 31
2015-03-06, 53
2015-02-27, 44
2015-03-04, 64
2015-11-14, 55
2015-11-12, 69
2015-01-16, 33
2015-01-08, 33
2015-11-18, 75
2015-05-29, 49
2015-10-09, 64
2015-09-20, 64
2015-10-11, 70
2015-12-21, 32
2015-04-23, 64
2015-08-07, 65
2015-12-19, 54
2015-12-03, 73
2015-07-01, 75
2015-08-17, 33
2015-08-04, 50
2015-03-29, 43
2015-10-05, 49
2015-12-02, 56
2015-12-10, 73
2015-12-04, 78
2015-09-24, 68
2015-10-28, 65
2015-01-17, 40
2015-01-04, 56
2015-08-23, 54
2015-12-29, 33
2015-09-12, 63
2015-09-27, 71
2015-10-29, 74
2015-01-06, 39
2015-11-07, 52
2015-10-24, 40
2015-03-26, 50
2015-03-15, 34
2015-05-26, 43
2015-05-14, 51
2015-06-12, 56
2015-10-18, 51
2015-08-29, 33
2015-08-08, 49
2015-06-21, 52
2015-11-11, 62
2015-01-19, 27
2015-12-16, 57
2015-01-07, 41
2015-05-28, 54
2015-07-09, 62
2015-04-13, 35
2015-12-30, 41
2015-10-08, 69
2015-12-11, 61
2015-01-14, 48
2015-11-03, 60
2015-03-12, 70
2015-08-18, 45
2015-09-23, 73
2015-02-16, 22
2015-04-14, 52
2015-12-01, 67
2015-06-26, 67
2015-05-13, 66
2015-12-17, 83
2015-08-19, 55
2015-12-20, 45
2015-06-23, 57
2015-07-10, 66
2015-12-18, 69
2015-06-25, 57
2015-09-15, 53
2015-05-03, 65
2015-11-27, 34
2015-01-11, 51
2015-06-07, 65
2015-07-23, 57
2015-07-18, 44
2015-07-11, 40
2015-04-29, 57
2015-02-08, 51
2015-07-16, 55
2015-03-28, 35
2015-11-29, 53
2015-06-03, 62
2015-01-26, 35
2015-10-31, 53
2015-06-27, 40
2015-11-24, 64
2015-01-22, 48
2015-01-09, 47
2015-02-23, 31
2015-01-27, 40
2015-02-05, 54
2015-02-18, 40
2015-04-08, 45
2015-06-24, 55
2015-11-04, 61
2015-08-16, 39
2015-04-06, 32
2015-08-20, 65
2015-08-24, 42
2015-09-25, 49
2015-08-09, 56
2015-01-10, 39
2015-12-22, 54
2015-10-27, 66
2015-10-21, 69
2015-11-19, 66
2015-07-15, 59
2015-06-04, 63
2015-10-25, 47
2015-07-30, 59
2015-07-31, 63
2015-05-15, 56
2015-11-22, 52
2015-04-10, 54
2015-05-30, 43
2015-04-17, 45
2015-01-20, 34
2015-01-30, 40
2015-07-21, 60
2015-07-06, 42
2015-09-30, 66
2015-09-09, 57
2015-07-26, 44
2015-02-13, 42
2015-10-15, 66
2015-11-20, 58
2015-01-01, 24
2015-05-05, 59
2015-03-05, 52
2015-09-29, 73
2015-07-24, 51
2015-11-25, 55
2015-04-16, 52
2015-07-03, 53
2015-09-07, 43
2015-09-06, 49
2015-05-31, 49
2015-08-05, 45
2015-04-27, 35
2015-08-12, 49
2015-04-25, 48
2015-04-30, 58
2015-08-25, 55
2015-07-19, 51
2015-12-31, 46
2015-09-02, 55
2015-10-20, 69
2015-07-07, 56
2015-05-12, 55
2015-09-18, 64
2015-04-24, 50
2015-08-21, 51
2015-01-23, 48
2015-03-27, 51
2015-03-11, 52
2015-01-24, 29
2015-07-22, 50
2015-09-17, 86
2015-06-02, 53
2015-05-27, 46
2015-03-21, 42
2015-05-18, 36
2015-10-03, 54
2015-08-22, 48
2015-06-29, 34
2015-09-21, 37
2015-12-06, 61
2015-12-07, 35
2015-09-04, 52
2015-06-05, 57
2015-03-24, 49
2015-01-05, 18
2015-05-01, 62
2015-08-13, 57
2015-04-18, 31
2015-12-12, 49
2015-07-08, 56
2015-05-16, 47
2015-03-03, 48
2015-01-25, 42
2015-08-03, 39
2015-01-15, 44
2015-03-25, 40
2015-09-28, 50
2015-02-02, 35
2015-04-15, 46
2015-12-08, 60
2015-04-28, 50
2015-08-28, 44
2015-10-06, 75
2015-05-23, 46
2015-07-29, 57
2015-08-26, 57
2015-04-22, 47
2015-05-11, 36
2015-03-02, 31
2015-06-15, 37
2015-06-20, 42
2015-06-28, 42
2015-07-05, 46
2015-02-12, 53
2015-07-02, 50
2015-01-31, 32
2015-10-04, 53
2015-07-04, 33
2015-03-31, 43
2015-04-07, 34
2015-10-01, 75
2015-02-24, 35
2015-10-23, 58
2015-09-10, 66
2015-05-09, 48
2015-11-23, 38
2015-02-22, 46
2015-12-15, 63
2015-04-04, 34
2015-12-05, 70
2015-01-28, 50
2015-10-13, 70
2015-09-14, 49
2015-09-08, 54
2015-07-17, 59
2015-04-09, 51
2015-08-31, 48
2015-05-07, 66
2015-02-25, 37
2015-06-16, 53
2015-09-22, 62
2015-07-20, 42
2015-04-26, 52
2015-11-13, 56
2015-11-08, 84
2015-01-21, 53
2015-10-30, 65
2015-04-12, 39
2015-04-02, 43
2015-12-26, 21
2015-12-14, 40
2015-12-24, 46
2015-08-30, 47
2015-10-02, 72
2015-05-25, 28
2015-07-27, 39
2015-07-13, 39
2015-08-02, 56
2015-11-26, 60
2015-06-30, 57
2015-07-14, 56
2015-11-28, 39
2015-05-02, 42
2015-02-01, 41
2015-05-08, 54
2015-03-30, 18
2015-03-09, 28
2015-02-19, 39
2015-07-28, 54
2015-11-10, 57
2015-05-19, 52
2015-02-10, 39
2015-06-10, 60
2015-11-09, 42
2015-02-21, 33
2015-10-12, 46
2015-11-30, 44
2015-03-17, 44
2015-10-07, 78
2015-12-27, 35
2015-08-27, 64
2015-01-12, 33
2015-02-26, 36
2015-08-01, 46
2015-09-13, 76
2015-06-11, 54
2015-05-24, 44
2015-09-26, 68
2015-10-19, 35
2015-01-29, 51
2015-02-07, 38
2015-02-06, 50
2015-09-19, 43
2015-03-19, 53
2015-10-17, 40
2015-06-17, 53
2015-03-22, 52
2015-03-20, 49
2015-01-02, 30
2015-03-08, 44
2015-12-28, 29
2015-06-14, 35
2015-08-14, 44
2015-04-19, 39
2015-05-22, 42
2015-12-25, 25
2015-09-16, 62
2015-04-20, 33
2015-10-10, 50
2015-02-11, 47
2015-11-02, 54
2015-01-03, 29
2015-06-09, 54
2015-03-10, 40
2015-06-01, 31
2015-02-04, 42
2015-08-06, 56
2015-02-17, 26
2015-11-21, 47
2015-06-08, 45
2015-03-01, 43
2015-03-18, 52
2015-06-06, 42
2015-02-03, 26
2015-02-14, 32
2015-10-16, 59
2015-05-10, 55
2015-03-16, 44
2015-06-13, 43
2015-09-05, 38
2015-04-03, 58
2015-05-06, 45
2015-03-07, 34
2015-03-23, 36
2015-05-17, 44
2015-03-14, 46
2015-02-28, 27
2014-09-07, 66
2014-06-19, 44
2014-04-23, 32
2014-12-18, 54
2014-11-23, 39
2014-09-11, 47
2014-11-13, 34
2014-06-01, 42
2014-11-21, 36
2014-09-14, 42
2014-01-09, 19
2014-11-02, 42
2014-12-24, 22
2014-03-30, 19
2014-08-16, 32
2014-05-07, 23
2014-04-22, 16
2014-12-17, 37
2014-04-09, 31
2014-12-04, 37
2014-10-15, 33
2014-03-29, 23
2014-04-13, 27
2014-07-26, 31
2014-09-29, 29
2014-10-08, 52
2014-11-01, 38
2014-08-12, 33
2014-11-17, 21
2014-03-23, 30
2014-10-31, 40
2014-09-17, 43
2014-12-07, 42
2014-06-18, 32
2014-07-17, 32
2014-11-15, 35
2014-08-25, 35
2014-06-23, 32
2014-08-27, 41
2014-02-28, 19
2014-08-15, 44
2014-11-05, 51
2014-06-26, 42
2014-07-01, 45
2014-04-24, 26
2014-07-27, 46
2014-10-05, 52
2014-11-26, 34
2014-12-12, 40
2014-11-07, 50
2014-10-21, 36
2014-10-19, 33
2014-07-04, 33
2014-12-02, 36
2014-09-01, 27
2014-07-29, 36
2014-11-20, 41
2014-05-30, 30
2014-12-15, 22
2014-12-20, 28
2014-08-03, 45
2014-06-09, 24
2014-06-06, 36
2014-03-26, 29
2014-05-02, 22
2014-08-01, 31
2014-05-26, 29
2014-05-22, 31
2014-04-26, 18
2014-11-14, 31
2014-12-09, 50
2014-05-17, 21
2014-05-19, 17
2014-07-07, 25
2014-06-08, 44
2014-02-17, 17
2014-08-26, 29
2014-06-20, 33
2014-05-04, 22
2014-01-17, 23
2014-05-14, 25
2014-12-22, 27
2014-11-06, 64
2014-10-07, 44
2014-09-22, 32
2014-05-13, 20
2014-12-21, 38
2014-07-08, 32
2014-01-16, 17
2014-10-14, 32
2014-07-23, 39
2014-10-16, 25
2014-08-19, 33
2014-04-29, 29
2014-09-03, 39
2014-06-15, 29
2014-03-13, 22
2014-05-09, 24
2014-12-03, 36
2014-09-30, 39
2014-06-07, 32
2014-07-19, 35
2014-06-04, 35
2014-08-20, 35
2014-11-27, 22
2014-07-02, 33
2014-10-20, 23
2014-04-20, 25
2014-07-30, 40
2014-07-25, 35
2014-05-28, 35
2014-05-18, 28
2014-09-28, 39
2014-10-01, 31
2014-10-03, 38
2014-07-28, 25
2014-06-16, 19
2014-01-04, 8
2014-09-19, 42
2014-10-06, 31
2014-12-13, 24
2014-10-12, 47
2014-08-29, 37
2014-07-18, 36
2014-08-31, 52
2014-07-20, 35
2014-08-07, 39
2014-09-24, 43
2014-08-22, 34
2014-01-28, 21
2014-01-01, 8
2014-10-17, 39
2014-07-16, 33
2014-01-10, 22
2014-03-28, 27
2014-07-21, 30
2014-10-27, 27
2014-12-19, 48
2014-06-21, 32
2014-08-04, 31
2014-08-13, 36
2014-12-16, 30
2014-12-25, 17
2014-04-27, 29
2014-06-17, 30
2014-04-28, 12
2014-02-02, 12
2014-06-05, 49
2014-09-27, 28
2014-01-18, 14
2014-03-01, 17
2014-05-15, 25
2014-04-18, 24
2014-09-26, 40
2014-10-09, 44
2014-04-10, 17
2014-10-10, 33
2014-10-02, 35
2014-11-12, 25
2014-12-05, 47
2014-01-31, 19
2014-05-21, 28
2014-07-03, 30
2014-03-16, 10
2014-01-07, 8
2014-04-04, 16
2014-03-02, 32
2014-02-09, 26
2014-05-25, 39
2014-06-28, 23
2014-09-25, 34
2014-11-10, 24
2014-10-24, 45
2014-10-04, 32
2014-06-29, 39
2014-08-23, 37
2014-02-20, 28
2014-10-11, 30
2014-09-23, 49
2014-10-29, 42
2014-10-30, 46
2014-09-05, 41
2014-03-05, 31
2014-03-17, 11
2014-09-13, 34
2014-05-20, 28
2014-06-03, 36
2014-05-31, 27
2014-12-28, 32
2014-03-14, 21
2014-07-31, 28
2014-05-03, 17
2014-09-21, 44
2014-03-25, 22
2014-09-06, 29
2014-11-11, 32
2014-02-26, 17
2014-02-12, 18
2014-01-14, 18
2014-06-12, 55
2014-09-12, 38
2014-02-14, 21
2014-07-13, 42
2014-06-24, 46
2014-10-23, 46
2014-12-10, 50
2014-02-03, 20
2014-01-23, 21
2014-07-06, 29
2014-08-18, 22
2014-06-14, 39
2014-08-10, 40
2014-07-24, 42
2014-03-27, 21
2014-10-13, 23
2014-12-08, 28
2014-05-01, 20
2014-04-30, 30
2014-06-02, 24
2014-07-14, 30
2014-12-30, 30
2014-02-18, 11
2014-04-06, 23
2014-02-06, 12
2014-11-24, 23
2014-12-01, 24
2014-11-22, 31
2014-03-22, 19
2014-08-14, 37
2014-07-05, 25
2014-06-13, 35
2014-07-10, 35
2014-03-20, 18
2014-08-28, 42
2014-03-09, 31
2014-07-09, 34
2014-02-25, 20
2014-02-13, 22
2014-10-28, 40
2014-08-06, 49
2014-11-09, 34
2014-05-29, 36
2014-05-08, 33
2014-05-23, 20
2014-12-06, 43
2014-09-08, 31
2014-05-11, 28
2014-07-12, 31
2014-02-08, 11
2014-09-04, 41
2014-05-05, 15
2014-08-11, 30
2014-05-10, 16
2014-08-05, 38
2014-02-07, 17
2014-08-21, 45
2014-05-24, 27
2014-01-24, 16
2014-08-08, 39
2014-10-26, 51
2014-01-08, 8
2014-01-19, 21
2014-05-16, 31
2014-10-25, 41
2014-06-25, 33
2014-03-08, 17
2014-03-06, 23
2014-11-19, 26
2014-12-27, 16
2014-11-03, 24
2014-08-24, 47
2014-05-27, 25
2014-12-31, 30
2014-08-09, 38
2014-12-11, 39
2014-04-15, 18
2014-06-22, 27
2014-11-18, 34
2014-05-12, 18
2014-05-06, 28
2014-03-04, 28
2014-08-30, 23
2014-02-27, 20
2014-02-22, 24
2014-06-30, 25
2014-11-28, 18
2014-03-07, 24
2014-01-06, 11
2014-02-21, 29
2014-09-20, 18
2014-03-21, 28
2014-07-15, 26
2014-08-17, 38
2014-02-04, 17
2014-11-25, 39
2014-02-16, 21
2014-11-04, 30
2014-12-14, 30
2014-10-18, 25
2014-07-11, 32
2014-09-10, 40
2014-03-03, 22
2014-02-23, 34
2014-10-22, 40
2014-12-23, 30
2014-04-08, 18
2014-08-02, 30
2014-04-07, 14
2014-11-30, 28
2014-07-22, 34
2014-06-10, 26
2014-09-09, 37
2014-01-15, 19
2014-01-29, 21
2014-06-27, 54
2014-02-11, 25
2014-04-14, 9
2014-04-01, 21
2014-03-19, 20
2014-01-20, 15
2014-11-08, 27
2014-01-12, 20
2014-03-12, 22
2014-04-16, 19
2014-02-24, 15
2014-01-22, 13
2014-03-24, 18
2014-04-03, 21
2014-11-29, 22
2014-01-05, 18
2014-04-12, 10
2014-01-26, 17
2014-01-13, 16
2014-04-19, 15
2014-01-11, 22
2014-02-01, 16
2014-03-11, 14
2014-06-11, 37
2014-01-27, 15
2014-09-15, 27
2014-03-18, 15
2014-12-26, 19
2014-02-10, 15
2014-09-02, 34
2014-04-11, 19
2014-04-25, 19
2014-04-02, 25
2014-02-15, 15
2014-03-31, 18
2014-02-05, 18
2014-04-21, 19
2014-01-21, 15
2014-09-18, 40
2014-04-05, 10
2014-12-29, 24
2014-09-16, 36
2014-11-16, 30
2014-02-19, 18
2014-01-03, 8
2014-01-30, 24
2014-03-10, 9
2014-01-02, 4
2014-03-15, 14
2014-01-25, 10
2014-04-17, 15
2013-01-29, 9
2013-11-23, 10
2013-08-26, 9
2013-07-02, 15
2013-11-01, 10
2013-03-03, 11
2013-06-13, 10
2013-09-19, 18
2013-08-27, 10
2013-01-24, 10
2013-08-24, 13
2013-08-28, 26
2013-09-09, 15
2013-04-16, 24
2013-06-30, 14
2013-03-16, 4
2013-03-10, 19
2013-05-21, 19
2013-05-31, 5
2013-09-15, 14
2013-12-24, 10
2013-01-28, 3
2013-03-07, 15
2013-11-19, 13
2013-11-07, 16
2013-07-29, 5
2013-04-02, 14
2013-04-12, 10
2013-09-10, 8
2013-05-22, 21
2013-07-30, 6
2013-05-16, 15
2013-11-17, 13
2013-10-17, 20
2013-11-10, 9
2013-08-04, 16
2013-01-27, 7
2013-02-09, 16
2013-12-05, 22
2013-05-10, 11
2013-06-23, 16
2013-12-11, 16
2013-12-23, 9
2013-07-03, 12
2013-04-28, 14
2013-06-24, 11
2013-03-19, 12
2013-04-06, 17
2013-02-11, 5
2013-10-09, 9
2013-06-26, 28
2013-12-10, 23
2013-06-22, 5
2013-07-05, 15
2013-05-20, 7
2013-10-01, 8
2013-06-19, 17
2013-03-29, 11
2013-12-18, 16
2013-04-20, 21
2013-06-21, 20
2013-12-15, 14
2013-09-12, 14
2013-02-25, 7
2013-02-17, 10
2013-05-14, 22
2013-01-25, 7
2013-04-22, 22
2013-05-03, 8
2013-01-18, 13
2013-01-01, 15
2013-04-04, 8
2013-06-02, 13
2013-12-31, 10
2013-05-24, 13
2013-08-30, 18
2013-08-20, 12
2013-02-20, 5
2013-02-27, 12
2013-01-17, 19
2013-12-06, 23
2013-08-07, 13
2013-04-21, 22
2013-11-25, 7
2013-12-30, 6
2013-04-29, 7
2013-12-22, 8
2013-04-07, 13
2013-07-09, 6
2013-12-27, 12
2013-01-19, 11
2013-11-21, 8
2013-05-28, 1
2013-11-11, 11
2013-04-11, 21
2013-04-03, 15
2013-08-22, 16
2013-02-06, 6
2013-11-12, 14
2013-08-16, 8
2013-10-06, 11
2013-08-31, 9
2013-01-22, 1
2013-06-15, 7
2013-04-15, 12
2013-04-05, 11
2013-03-15, 1
2013-06-14, 8
2013-07-10, 6
2013-03-13, 11
2013-05-07, 15
2013-04-14, 18
2013-10-18, 5
2013-03-17, 12
2013-03-31, 15
2013-03-06, 17
2013-09-21, 6
2013-01-10, 10
2013-01-21, 14
2013-08-23, 11
2013-12-04, 14
2013-11-09, 9
2013-01-09, 13
2013-09-18, 16
2013-07-07, 12
2013-09-25, 19
2013-01-03, 9
2013-10-31, 14
2013-10-03, 12
2013-12-29, 12
2013-07-19, 13
2013-01-20, 13
2013-02-22, 6
2013-05-17, 13
2013-05-13, 9
2013-04-18, 16
2013-10-29, 12
2013-12-19, 20
2013-12-17, 24
2013-07-22, 5
2013-01-13, 14
2013-04-23, 19
2013-02-12, 16
2013-06-28, 12
2013-10-30, 10
2013-06-05, 13
2013-02-04, 16
2013-12-20, 19
2013-01-11, 5
2013-06-06, 17
2013-11-13, 13
2013-08-15, 12
2013-06-18, 20
2013-12-21, 7
2013-11-14, 7
2013-06-25, 21
2013-05-23, 19
2013-01-15, 8
2013-11-08, 12
2013-03-21, 17
2013-01-14, 7
2013-11-26, 25
2013-12-12, 15
2013-01-12, 7
2013-09-01, 12
2013-05-25, 11
2013-10-21, 5
2013-05-08, 12
2013-03-30, 11
2013-11-02, 7
2013-03-20, 18
2013-06-12, 14
2013-11-20, 13
2013-12-14, 14
2013-04-17, 16
2013-03-18, 6
2013-06-17, 12
2013-08-13, 13
2013-09-26, 8
2013-07-31, 8
2013-08-11, 8
2013-08-25, 9
2013-10-16, 8
2013-08-10, 4
2013-06-09, 7
2013-05-15, 16
2013-02-13, 19
2013-09-28, 3
2013-07-23, 8
2013-09-27, 7
2013-06-08, 14
2013-10-15, 10
2013-07-11, 15
2013-09-04, 17
2013-09-14, 5
2013-03-25, 9
2013-11-29, 14
2013-07-08, 10
2013-12-08, 12
2013-02-10, 12
2013-10-13, 8
2013-07-26, 6
2013-08-18, 9
2013-06-27, 20
2013-11-15, 22
2013-11-03, 13
2013-12-09, 6
2013-08-17, 9
2013-10-08, 9
2013-06-11, 16
2013-09-20, 15
2013-10-11, 8
2013-07-13, 13
2013-07-14, 15
2013-08-08, 12
2013-09-22, 19
2013-08-09, 9
2013-09-29, 11
2013-08-21, 13
2013-10-04, 13
2013-07-12, 9
2013-09-07, 16
2013-02-24, 11
2013-12-13, 15
2013-03-12, 8
2013-12-01, 12
2013-11-22, 9
2013-11-16, 7
2013-10-02, 8
2013-02-07, 5
2013-02-15, 14
2013-05-30, 4
2013-03-05, 16
2013-05-01, 15
2013-01-06, 6
2013-02-08, 5
2013-02-16, 7
2013-03-11, 5
2013-04-19, 10
2013-10-28, 11
2013-11-28, 10
2013-09-24, 18
2013-08-14, 16
2013-05-18, 6
2013-03-09, 3
2013-07-01, 17
2013-04-09, 7
2013-10-20, 7
2013-06-07, 15
2013-07-28, 8
2013-06-04, 7
2013-09-08, 11
2013-02-05, 6
2013-05-11, 11
2013-12-16, 7
2013-04-24, 14
2013-12-07, 10
2013-11-04, 6
2013-11-30, 12
2013-07-25, 4
2013-01-23, 3
2013-04-30, 16
2013-02-26, 11
2013-01-30, 6
2013-06-10, 5
2013-04-10, 17
2013-05-02, 9
2013-11-27, 5
2013-05-12, 9
2013-11-18, 9
2013-03-01, 7
2013-09-11, 14
2013-05-05, 11
2013-03-24, 22
2013-06-29, 3
2013-10-14, 13
2013-10-25, 10
2013-05-19, 11
2013-01-26, 5
2013-07-17, 7
2013-06-16, 9
2013-10-24, 8
2013-07-06, 11
2013-12-02, 10
2013-12-03, 18
2013-11-05, 12
2013-02-23, 5
2013-01-05, 6
2013-09-03, 33
2013-05-04, 4
2013-01-16, 11
2013-05-09, 13
2013-04-25, 16
2013-09-05, 32
2013-07-16, 11
2013-03-26, 4
2013-03-22, 15
2013-07-18, 11
2013-03-04, 12
2013-10-22, 9
2013-10-10, 5
2013-06-20, 11
2013-08-29, 16
2013-02-03, 8
2013-03-23, 15
2013-08-06, 12
2013-04-26, 21
2013-03-02, 8
2013-09-16, 5
2013-08-02, 5
2013-07-04, 17
2013-09-17, 23
2013-02-21, 7
2013-09-06, 3
2013-01-04, 4
2013-05-27, 6
2013-08-05, 2
2013-04-08, 4
2013-04-27, 6
2013-06-03, 1
2013-07-20, 7
2013-05-06, 5
2013-11-24, 14
2013-10-05, 4
2013-07-21, 5
2013-03-28, 7
2013-03-08, 10
2013-03-14, 2
2013-02-14, 6
2013-08-01, 6
2013-05-26, 11
2013-01-02, 8
2013-10-12, 7
2013-11-06, 20
2013-10-26, 8
2013-06-01, 2
2013-02-02, 5
2013-09-02, 10
2013-02-19, 3
2013-10-27, 10
2013-08-03, 8
2013-09-13, 2
2013-12-28, 4
2013-08-12, 6
2013-08-19, 7
2013-02-18, 7
2013-09-23, 7
2013-01-08, 3
2013-03-27, 5
2013-12-25, 2
2013-07-15, 9
2013-10-23, 4
2013-04-13, 6
2013-02-28, 7
2013-04-01, 4
2013-12-26, 8
2013-02-01, 1
2013-05-29, 2
2013-07-27, 1
2013-10-19, 2
2013-09-30, 3
2013-10-07, 2
2013-01-07, 2
2013-07-24, 2
2013-01-31, 1
2012-04-16, 3
2012-04-29, 13
2012-01-26, 3
2012-03-14, 4
2012-07-16, 2
2012-02-15, 12
2012-03-16, 5
2012-04-13, 10
2012-10-02, 8
2012-12-29, 9
2012-02-23, 2
2012-12-01, 7
2012-02-27, 5
2012-08-19, 9
2012-06-24, 6
2012-01-01, 10
2012-08-24, 13
2012-09-09, 6
2012-09-04, 11
2012-04-23, 3
2012-11-26, 11
2012-03-24, 6
2012-09-29, 3
2012-03-27, 15
2012-05-23, 4
2012-11-16, 2
2012-10-25, 7
2012-02-16, 4
2012-08-30, 11
2012-06-20, 5
2012-11-25, 20
2012-04-28, 5
2012-09-18, 9
2012-05-16, 7
2012-01-06, 3
2012-08-29, 13
2012-01-28, 3
2012-05-04, 13
2012-07-26, 5
2012-07-13, 12
2012-06-03, 5
2012-07-17, 7
2012-04-26, 5
2012-07-08, 12
2012-08-06, 5
2012-01-11, 2
2012-11-28, 15
2012-05-18, 11
2012-12-18, 19
2012-09-05, 11
2012-05-05, 11
2012-12-17, 18
2012-01-29, 5
2012-04-03, 6
2012-05-03, 6
2012-12-16, 13
2012-05-17, 8
2012-06-28, 5
2012-11-11, 11
2012-01-19, 5
2012-12-10, 7
2012-09-26, 5
2012-08-23, 5
2012-02-05, 10
2012-11-30, 15
2012-07-01, 6
2012-04-02, 6
2012-08-02, 6
2012-05-11, 5
2012-05-14, 8
2012-07-28, 6
2012-05-28, 5
2012-03-04, 4
2012-10-06, 5
2012-04-17, 4
2012-04-21, 1
2012-08-26, 9
2012-07-03, 10
2012-08-03, 6
2012-04-24, 8
2012-01-23, 3
2012-09-13, 21
2012-06-29, 23
2012-11-29, 16
2012-08-01, 8
2012-09-28, 8
2012-08-12, 12
2012-01-31, 6
2012-02-06, 14
2012-11-17, 10
2012-04-07, 5
2012-11-22, 10
2012-10-28, 11
2012-05-22, 4
2012-03-01, 9
2012-01-05, 6
2012-08-14, 7
2012-01-03, 5
2012-08-15, 6
2012-03-07, 15
2012-08-10, 5
2012-03-06, 9
2012-12-26, 6
2012-06-10, 13
2012-09-02, 13
2012-08-21, 18
2012-07-29, 7
2012-06-11, 6
2012-03-05, 2
2012-05-19, 5
2012-07-22, 18
2012-04-04, 6
2012-09-01, 7
2012-06-12, 6
2012-04-11, 3
2012-07-27, 4
2012-02-03, 9
2012-07-12, 6
2012-12-27, 5
2012-04-10, 6
2012-01-08, 8
2012-10-07, 14
2012-08-11, 6
2012-05-12, 6
2012-12-22, 15
2012-04-12, 7
2012-10-03, 6
2012-11-24, 11
2012-11-06, 9
2012-12-07, 11
2012-08-31, 6
2012-10-30, 14
2012-05-29, 7
2012-12-21, 8
2012-06-17, 11
2012-12-25, 9
2012-12-19, 16
2012-03-29, 10
2012-08-13, 8
2012-01-22, 4
2012-05-06, 10
2012-05-30, 9
2012-08-20, 5
2012-10-27, 12
2012-03-18, 14
2012-10-17, 11
2012-12-08, 7
2012-04-22, 3
2012-03-15, 3
2012-08-17, 4
2012-11-23, 10
2012-10-01, 3
2012-05-31, 7
2012-09-22, 5
2012-09-30, 8
2012-04-20, 6
2012-10-21, 16
2012-03-09, 3
2012-05-01, 2
2012-10-11, 7
2012-02-19, 7
2012-08-08, 2
2012-11-18, 8
2012-02-02, 4
2012-01-17, 5
2012-11-08, 14
2012-01-09, 2
2012-09-06, 6
2012-12-24, 6
2012-12-13, 11
2012-08-22, 8
2012-09-19, 11
2012-09-20, 9
2012-04-25, 5
2012-08-16, 7
2012-12-03, 6
2012-06-01, 9
2012-07-30, 10
2012-04-08, 8
2012-06-27, 6
2012-12-11, 8
2012-10-16, 7
2012-10-24, 5
2012-11-19, 7
2012-12-23, 8
2012-07-06, 3
2012-02-07, 2
2012-12-31, 2
2012-07-02, 5
2012-06-26, 5
2012-11-02, 5
2012-05-15, 4
2012-11-10, 9
2012-11-15, 8
2012-12-30, 11
2012-03-31, 3
2012-11-14, 13
2012-10-04, 4
2012-11-20, 5
2012-02-17, 3
2012-02-28, 1
2012-06-14, 4
2012-03-02, 3
2012-01-13, 11
2012-02-14, 4
2012-10-18, 9
2012-10-23, 8
2012-10-31, 23
2012-03-08, 4
2012-12-02, 8
2012-03-17, 3
2012-04-05, 3
2012-03-23, 5
2012-03-11, 10
2012-11-09, 5
2012-09-08, 4
2012-11-03, 18
2012-07-21, 5
2012-06-30, 13
2012-10-26, 10
2012-11-01, 15
2012-07-11, 4
2012-12-05, 9
2012-08-05, 8
2012-09-24, 2
2012-09-15, 6
2012-10-10, 10
2012-03-19, 10
2012-08-25, 10
2012-11-13, 5
2012-01-27, 4
2012-11-04, 17
2012-07-10, 3
2012-01-20, 7
2012-02-20, 4
2012-11-07, 16
2012-05-09, 4
2012-09-11, 9
2012-09-14, 18
2012-12-20, 12
2012-10-12, 12
2012-07-15, 4
2012-10-13, 6
2012-10-08, 3
2012-03-28, 11
2012-12-04, 16
2012-09-16, 12
2012-03-21, 6
2012-02-12, 10
2012-06-15, 10
2012-06-22, 3
2012-01-24, 1
2012-07-23, 3
2012-09-17, 8
2012-02-29, 3
2012-11-27, 9
2012-07-19, 4
2012-10-09, 4
2012-05-27, 9
2012-12-28, 9
2012-03-25, 8
2012-07-24, 10
2012-09-10, 3
2012-12-12, 8
2012-07-09, 1
2012-04-01, 5
2012-11-21, 9
2012-07-20, 7
2012-06-07, 5
2012-01-25, 9
2012-02-26, 11
2012-07-05, 6
2012-12-15, 17
2012-05-21, 8
2012-04-30, 3
2012-06-21, 5
2012-06-23, 3
2012-02-04, 8
2012-09-25, 4
2012-01-30, 1
2012-06-13, 3
2012-05-02, 4
2012-05-25, 3
2012-09-23, 8
2012-03-10, 2
2012-10-22, 1
2012-05-08, 6
2012-12-09, 9
2012-09-07, 2
2012-02-24, 7
2012-12-14, 9
2012-01-04, 3
2012-01-12, 6
2012-02-22, 8
2012-02-25, 4
2012-10-20, 2
2012-04-15, 5
2012-01-21, 3
2012-02-08, 7
2012-02-11, 4
2012-08-27, 14
2012-10-19, 2
2012-06-19, 6
2012-03-12, 6
2012-06-16, 6
2012-09-27, 5
2012-07-07, 1
2012-10-14, 9
2012-05-07, 3
2012-01-15, 9
2012-09-12, 7
2012-07-25, 7
2012-01-07, 4
2012-05-13, 13
2012-01-14, 1
2012-02-18, 3
2012-10-29, 4
2012-03-13, 4
2012-07-18, 3
2012-12-06, 11
2012-08-28, 7
2012-07-14, 6
2012-03-20, 8
2012-08-09, 4
2012-03-30, 3
2012-06-09, 5
2012-07-31, 7
2012-01-18, 1
2012-05-10, 4
2012-03-26, 10
2012-02-09, 3
2012-02-10, 5
2012-05-20, 10
2012-08-04, 5
2012-09-03, 5
2012-10-05, 4
2012-01-10, 2
2012-02-01, 1
2012-03-03, 3
2012-06-05, 5
2012-07-04, 1
2012-01-16, 1
2012-02-13, 1
2012-10-15, 2
2012-11-05, 2
2012-04-09, 1
2012-06-06, 2
2012-08-18, 4
2012-11-12, 3
2012-02-21, 3
2012-06-04, 2
2012-06-02, 1
2012-06-18, 2
2012-04-18, 1
2012-06-08, 1
2012-04-06, 2
2012-05-26, 2
2012-04-14, 1
2012-09-21, 2
2012-04-19, 1
2012-08-07, 1
2011-12-15, 7
2011-02-06, 28
2011-03-31, 3
2011-04-29, 11
2011-03-16, 19
2011-03-11, 16
2011-02-24, 8
2011-12-16, 11
2011-02-02, 7
2011-12-13, 8
2011-08-28, 23
2011-02-08, 7
2011-08-08, 3
2011-09-25, 4
2011-03-01, 2
2011-02-07, 4
2011-11-08, 5
2011-01-05, 4
2011-07-13, 12
2011-11-11, 3
2011-01-31, 1
2011-07-07, 10
2011-10-27, 3
2011-04-26, 7
2011-02-09, 9
2011-03-19, 7
2011-07-03, 5
2011-01-23, 6
2011-11-10, 10
2011-11-28, 2
2011-01-06, 2
2011-06-14, 10
2011-09-08, 1
2011-02-18, 24
2011-07-15, 8
2011-04-04, 6
2011-01-26, 5
2011-07-19, 3
2011-09-20, 8
2011-09-15, 6
2011-03-03, 13
2011-02-17, 17
2011-02-04, 3
2011-09-05, 6
2011-07-20, 12
2011-11-06, 12
2011-09-22, 3
2011-08-29, 18
2011-07-26, 2
2011-08-23, 1
2011-08-03, 5
2011-12-06, 6
2011-06-20, 4
2011-08-14, 3
2011-05-10, 9
2011-05-28, 6
2011-09-18, 13
2011-03-17, 21
2011-07-09, 8
2011-05-31, 5
2011-10-21, 10
2011-12-18, 6
2011-05-26, 8
2011-09-12, 6
2011-10-18, 9
2011-09-14, 8
2011-07-10, 14
2011-07-01, 4
2011-06-28, 1
2011-09-16, 5
2011-03-13, 15
2011-07-12, 8
2011-11-07, 3
2011-05-03, 17
2011-12-29, 4
2011-03-28, 3
2011-09-11, 10
2011-11-01, 6
2011-04-19, 6
2011-05-13, 5
2011-04-06, 4
2011-02-12, 15
2011-01-24, 4
2011-03-07, 3
2011-04-05, 9
2011-07-14, 10
2011-07-08, 8
2011-06-29, 3
2011-05-24, 6
2011-05-17, 3
2011-05-30, 6
2011-12-19, 9
2011-12-20, 5
2011-05-05, 12
2011-10-04, 3
2011-01-16, 5
2011-12-04, 11
2011-03-22, 4
2011-03-06, 11
2011-02-14, 3
2011-04-24, 6
2011-03-15, 12
2011-12-11, 5
2011-08-09, 2
2011-05-07, 1
2011-01-07, 3
2011-05-25, 2
2011-05-02, 14
2011-05-12, 4
2011-06-01, 4
2011-03-24, 7
2011-10-20, 8
2011-06-30, 7
2011-01-04, 1
2011-04-25, 7
2011-01-11, 2
2011-01-09, 12
2011-12-22, 4
2011-12-05, 3
2011-06-13, 1
2011-05-04, 11
2011-05-23, 5
2011-06-17, 6
2011-11-19, 3
2011-11-13, 11
2011-04-12, 2
2011-06-12, 4
2011-04-28, 8
2011-08-31, 2
2011-05-01, 10
2011-11-24, 4
2011-09-26, 4
2011-04-15, 3
2011-10-10, 4
2011-03-12, 7
2011-08-06, 1
2011-04-13, 3
2011-10-02, 4
2011-05-06, 4
2011-04-22, 7
2011-04-30, 8
2011-03-27, 6
2011-10-30, 7
2011-03-05, 3
2011-03-02, 13
2011-11-09, 2
2011-08-19, 2
2011-09-29, 10
2011-10-17, 5
2011-10-08, 4
2011-02-19, 15
2011-07-31, 3
2011-10-19, 6
2011-04-08, 6
2011-12-26, 2
2011-10-31, 6
2011-08-16, 2
2011-07-16, 3
2011-04-09, 6
2011-10-16, 7
2011-08-15, 6
2011-06-05, 11
2011-06-03, 2
2011-11-15, 5
2011-02-20, 8
2011-02-28, 2
2011-11-04, 5
2011-10-11, 10
2011-09-30, 9
2011-02-25, 2
2011-03-18, 17
2011-12-10, 9
2011-02-16, 7
2011-05-18, 7
2011-09-09, 2
2011-03-10, 8
2011-04-10, 8
2011-06-07, 8
2011-05-19, 6
2011-01-03, 3
2011-10-13, 4
2011-03-25, 6
2011-02-13, 14
2011-12-02, 2
2011-04-02, 3
2011-05-08, 2
2011-02-03, 8
2011-03-20, 3
2011-02-05, 10
2011-11-20, 5
2011-06-27, 4
2011-08-07, 3
2011-11-22, 4
2011-07-11, 2
2011-12-17, 4
2011-07-22, 6
2011-05-29, 9
2011-07-29, 1
2011-03-23, 3
2011-08-24, 5
2011-02-26, 4
2011-07-04, 4
2011-05-20, 9
2011-11-12, 2
2011-09-10, 3
2011-07-24, 6
2011-12-09, 8
2011-09-13, 7
2011-12-21, 1
2011-12-08, 4
2011-10-07, 3
2011-12-31, 2
2011-06-25, 2
2011-12-23, 2
2011-07-05, 2
2011-10-06, 2
2011-09-27, 2
2011-07-21, 3
2011-09-17, 2
2011-05-14, 1
2011-10-24, 3
2011-12-07, 4
2011-04-20, 10
2011-08-30, 8
2011-03-04, 5
2011-12-03, 4
2011-11-29, 4
2011-06-08, 6
2011-06-11, 2
2011-07-06, 2
2011-04-27, 2
2011-07-17, 4
2011-11-27, 4
2011-06-19, 5
2011-09-23, 5
2011-10-09, 8
2011-10-01, 6
2011-02-11, 9
2011-05-27, 10
2011-02-22, 5
2011-06-21, 4
2011-11-30, 2
2011-04-01, 4
2011-06-15, 1
2011-10-22, 1
2011-05-11, 2
2011-08-04, 4
2011-10-12, 4
2011-08-01, 2
2011-02-10, 8
2011-01-02, 4
2011-03-21, 1
2011-11-14, 4
2011-11-25, 1
2011-02-01, 1
2011-10-15, 1
2011-01-01, 1
2011-01-17, 1
2011-08-22, 1
2011-04-03, 5
2011-09-04, 4
2011-01-30, 3
2011-07-18, 1
2011-07-28, 2
2011-06-18, 2
2011-03-09, 5
2011-01-27, 1
2011-07-23, 1
2011-08-11, 5
2011-11-03, 2
2011-11-16, 2
2011-05-16, 1
2011-01-20, 4
2011-02-15, 1
2011-07-30, 3
2011-03-08, 1
2011-08-12, 1
2011-10-25, 4
2011-01-12, 1
2011-05-15, 3
2011-06-24, 2
2011-06-26, 3
2011-09-19, 2
2011-04-14, 6
2011-12-25, 2
2011-09-21, 3
2011-12-28, 1
2011-09-24, 4
2011-01-13, 1
2011-05-22, 1
2011-04-21, 2
2011-08-05, 3
2011-01-08, 3
2011-06-10, 1
2011-11-26, 4
2011-12-12, 2
2011-09-02, 2
2011-09-07, 2
2011-02-27, 3
2011-08-27, 4
2011-06-23, 1
2011-08-18, 1
2011-04-17, 4
2011-07-27, 7
2011-10-23, 3
2011-08-13, 2
2011-04-18, 1
2011-04-07, 4
2011-08-10, 1
2011-10-26, 3
2011-09-28, 3
2011-03-30, 1
2011-04-23, 11
2011-08-02, 2
2011-06-16, 1
2011-10-14, 2
2011-01-19, 1
2011-01-15, 4
2011-09-03, 1
2011-03-26, 3
2011-01-25, 1
2011-01-28, 1
2011-08-21, 2
2011-02-21, 3
2011-07-25, 1
2011-12-27, 2
2011-08-25, 2
2011-10-03, 1
2011-11-05, 1
2011-01-18, 1
2011-06-22, 1
2011-12-14, 2
2011-11-23, 3
2011-06-06, 1
2011-10-28, 1
2011-01-14, 2
2011-11-02, 1
2011-01-22, 2
2011-12-01, 1
2011-02-23, 1
2011-08-17, 1
2011-09-01, 1
2010-06-18, 7
2010-10-31, 9
2010-05-20, 3
2010-11-21, 12
2010-04-09, 11
2010-12-05, 8
2010-02-26, 15
2010-08-18, 5
2010-01-27, 3
2010-06-27, 7
2010-08-17, 10
2010-02-04, 3
2010-07-25, 13
2010-11-17, 4
2010-12-22, 7
2010-07-14, 7
2010-03-20, 2
2010-07-10, 3
2010-10-25, 4
2010-06-13, 7
2010-01-25, 1
2010-06-29, 6
2010-07-09, 14
2010-04-06, 7
2010-03-09, 2
2010-07-26, 6
2010-05-22, 2
2010-07-28, 3
2010-07-19, 2
2010-05-06, 14
2010-06-20, 7
2010-12-07, 6
2010-01-26, 2
2010-10-20, 2
2010-01-06, 6
2010-02-11, 4
2010-10-03, 5
2010-10-05, 2
2010-09-29, 2
2010-11-18, 5
2010-10-27, 3
2010-07-30, 2
2010-07-31, 4
2010-12-12, 4
2010-09-05, 2
2010-06-28, 2
2010-02-05, 3
2010-06-21, 6
2010-04-11, 14
2010-04-07, 4
2010-10-02, 1
2010-12-23, 5
2010-05-07, 4
2010-05-10, 7
2010-04-14, 3
2010-01-15, 3
2010-01-07, 2
2010-05-03, 13
2010-10-07, 5
2010-01-20, 10
2010-09-08, 7
2010-01-14, 9
2010-01-17, 3
2010-01-05, 2
2010-12-03, 14
2010-05-09, 9
2010-05-08, 5
2010-08-10, 2
2010-12-04, 9
2010-10-01, 4
2010-11-28, 9
2010-04-08, 2
2010-11-14, 9
2010-04-18, 4
2010-06-01, 7
2010-06-03, 2
2010-04-28, 7
2010-04-25, 4
2010-12-14, 3
2010-06-08, 9
2010-10-08, 4
2010-07-06, 1
2010-12-10, 5
2010-09-25, 2
2010-06-30, 2
2010-10-06, 11
2010-08-08, 3
2010-06-11, 3
2010-11-26, 3
2010-03-10, 5
2010-11-23, 3
2010-01-31, 2
2010-02-22, 3
2010-06-26, 2
2010-11-20, 3
2010-09-11, 1
2010-06-17, 3
2010-06-02, 6
2010-12-02, 10
2010-11-25, 6
2010-07-18, 2
2010-12-31, 5
2010-04-10, 8
2010-08-06, 1
2010-10-22, 4
2010-12-16, 5
2010-01-13, 10
2010-09-19, 2
2010-04-05, 9
2010-08-29, 4
2010-08-02, 3
2010-04-13, 2
2010-10-28, 3
2010-01-18, 9
2010-01-29, 2
2010-12-18, 3
2010-06-07, 1
2010-02-28, 4
2010-12-20, 1
2010-05-16, 7
2010-04-04, 9
2010-09-13, 2
2010-05-21, 2
2010-10-10, 6
2010-10-23, 13
2010-07-01, 5
2010-05-28, 11
2010-10-29, 8
2010-04-12, 2
2010-02-02, 2
2010-04-27, 6
2010-04-29, 1
2010-03-03, 2
2010-02-09, 1
2010-04-03, 2
2010-12-06, 10
2010-11-12, 2
2010-04-20, 8
2010-04-21, 6
2010-09-26, 3
2010-12-21, 6
2010-08-23, 1
2010-09-27, 8
2010-06-14, 5
2010-08-03, 5
2010-12-01, 9
2010-11-30, 6
2010-11-06, 3
2010-05-19, 4
2010-02-10, 3
2010-05-15, 4
2010-11-05, 1
2010-02-23, 4
2010-03-24, 5
2010-12-08, 7
2010-11-29, 7
2010-01-16, 5
2010-12-09, 8
2010-02-16, 6
2010-05-04, 10
2010-08-20, 4
2010-05-14, 6
2010-10-12, 6
2010-11-09, 1
2010-01-02, 2
2010-06-09, 4
2010-05-05, 12
2010-06-15, 4
2010-08-25, 2
2010-02-21, 4
2010-09-28, 11
2010-10-30, 5
2010-02-24, 4
2010-02-07, 6
2010-06-16, 14
2010-09-15, 7
2010-08-01, 4
2010-07-16, 3
2010-05-24, 6
2010-10-04, 2
2010-07-02, 3
2010-01-19, 11
2010-03-21, 5
2010-08-31, 1
2010-07-13, 6
2010-03-04, 1
2010-03-01, 3
2010-02-20, 3
2010-10-15, 2
2010-07-20, 6
2010-05-23, 5
2010-07-11, 7
2010-04-15, 2
2010-02-06, 5
2010-11-24, 7
2010-07-22, 1
2010-01-10, 4
2010-01-28, 2
2010-01-23, 5
2010-04-26, 3
2010-10-17, 3
2010-05-12, 5
2010-09-01, 3
2010-09-12, 2
2010-02-18, 6
2010-03-05, 1
2010-02-17, 6
2010-08-11, 4
2010-05-25, 2
2010-08-22, 1
2010-08-15, 1
2010-09-14, 1
2010-08-04, 1
2010-03-16, 4
2010-07-04, 8
2010-11-02, 3
2010-10-26, 4
2010-03-25, 4
2010-01-04, 3
2010-03-27, 2
2010-04-17, 1
2010-06-10, 6
2010-02-13, 4
2010-01-08, 1
2010-08-07, 2
2010-04-30, 4
2010-10-19, 3
2010-08-13, 1
2010-09-07, 1
2010-08-19, 1
2010-10-14, 2
2010-06-06, 2
2010-05-01, 2
2010-10-24, 8
2010-08-30, 1
2010-03-14, 1
2010-08-21, 1
2010-11-13, 2
2010-06-25, 1
2010-10-21, 3
2010-12-19, 1
2010-02-12, 2
2010-05-18, 2
2010-01-03, 3
2010-12-26, 4
2010-11-08, 1
2010-11-07, 2
2010-08-12, 2
2010-01-01, 2
2010-09-24, 2
2010-03-11, 2
2010-10-09, 1
2010-07-27, 1
2010-06-04, 2
2010-04-16, 7
2010-12-11, 2
2010-11-11, 1
2010-09-21, 5
2010-09-30, 3
2010-07-08, 1
2010-11-19, 2
2010-06-23, 2
2010-08-28, 1
2010-09-03, 1
2010-03-28, 5
2010-09-09, 1
2010-02-25, 3
2010-11-10, 3
2010-03-31, 2
2010-07-17, 2
2010-04-24, 4
2010-07-15, 1
2010-02-15, 1
2010-02-19, 2
2010-05-13, 2
2010-02-14, 1
2010-12-17, 1
2010-09-18, 3
2010-04-02, 1
2010-02-27, 1
2010-05-29, 2
2010-03-07, 2
2010-07-24, 1
2010-04-01, 2
2010-07-21, 1
2010-05-30, 2
2010-07-29, 1
2010-03-19, 1
2010-04-22, 2
2010-08-14, 1
2010-11-16, 1
2010-09-20, 1
2010-04-23, 2
2010-07-03, 2
2010-05-11, 1
2010-01-30, 1
2010-05-27, 3
2010-12-30, 1
2010-10-18, 1
2010-03-13, 1
2010-05-26, 2
2010-09-10, 1
2010-01-22, 3
2010-09-02, 1
2010-02-03, 2
2010-06-22, 3
2010-10-16, 1
2010-12-13, 1
2010-11-22, 1
2010-01-24, 1
2010-09-22, 2
2010-03-30, 1
2010-05-31, 1
2010-05-02, 2
2010-03-15, 1
2010-06-12, 1
2010-03-12, 1
2010-03-29, 1
2010-03-26, 1
2010-08-24, 1
2010-03-08, 1
2010-07-12, 1
2010-01-11, 1
2010-11-15, 1
2009-02-22, 10
2009-01-16, 7
2009-02-11, 2
2009-01-07, 1
2009-09-29, 4
2009-06-10, 1
2009-04-21, 1
2009-08-04, 2
2009-01-25, 5
2009-11-13, 2
2009-04-20, 6
2009-07-28, 2
2009-07-01, 7
2009-07-30, 1
2009-09-13, 14
2009-08-28, 2
2009-01-14, 2
2009-04-25, 2
2009-09-02, 4
2009-07-26, 2
2009-07-18, 5
2009-10-02, 4
2009-08-30, 5
2009-12-09, 8
2009-10-15, 3
2009-03-15, 8
2009-11-17, 6
2009-04-19, 5
2009-12-23, 3
2009-12-31, 7
2009-06-07, 5
2009-11-06, 2
2009-11-19, 3
2009-01-24, 2
2009-10-23, 4
2009-11-05, 16
2009-10-30, 2
2009-10-14, 2
2009-10-01, 5
2009-08-14, 3
2009-12-25, 3
2009-01-10, 1
2009-05-07, 2
2009-12-24, 3
2009-11-18, 5
2009-07-19, 7
2009-08-19, 2
2009-06-25, 6
2009-10-08, 4
2009-05-19, 4
2009-07-08, 6
2009-11-30, 3
2009-06-27, 7
2009-06-02, 3
2009-04-05, 6
2009-09-01, 7
2009-05-20, 2
2009-07-23, 1
2009-08-16, 10
2009-07-02, 4
2009-07-07, 5
2009-01-06, 4
2009-04-03, 2
2009-03-22, 4
2009-12-13, 4
2009-04-24, 4
2009-09-23, 2
2009-01-05, 3
2009-12-01, 6
2009-11-29, 4
2009-02-08, 4
2009-08-12, 5
2009-01-03, 2
2009-03-29, 4
2009-11-15, 6
2009-08-13, 2
2009-10-28, 3
2009-01-18, 6
2009-01-17, 12
2009-07-24, 4
2009-04-04, 2
2009-07-27, 1
2009-06-30, 1
2009-07-14, 3
2009-07-12, 6
2009-10-10, 5
2009-04-02, 1
2009-10-09, 1
2009-01-21, 5
2009-12-05, 2
2009-01-19, 2
2009-12-07, 3
2009-07-09, 1
2009-04-06, 2
2009-06-18, 3
2009-02-24, 6
2009-05-17, 32
2009-08-23, 7
2009-01-22, 6
2009-11-10, 3
2009-03-17, 2
2009-02-18, 2
2009-12-10, 2
2009-11-21, 2
2009-09-30, 1
2009-08-29, 2
2009-06-29, 1
2009-01-04, 7
2009-02-16, 2
2009-07-10, 3
2009-05-31, 8
2009-03-08, 3
2009-05-27, 8
2009-08-17, 2
2009-06-09, 2
2009-01-31, 3
2009-03-04, 2
2009-12-29, 2
2009-02-23, 4
2009-03-03, 4
2009-05-26, 4
2009-05-08, 2
2009-07-13, 1
2009-06-05, 3
2009-06-04, 9
2009-12-02, 3
2009-02-13, 2
2009-06-12, 4
2009-12-14, 1
2009-04-27, 1
2009-12-21, 1
2009-08-27, 16
2009-03-25, 1
2009-05-24, 4
2009-07-05, 3
2009-08-26, 3
2009-09-07, 2
2009-10-07, 4
2009-10-05, 2
2009-01-20, 6
2009-10-16, 1
2009-02-14, 2
2009-04-12, 3
2009-04-10, 1
2009-11-20, 4
2009-05-29, 3
2009-08-03, 2
2009-07-11, 4
2009-04-18, 2
2009-06-06, 2
2009-12-12, 5
2009-03-24, 2
2009-03-12, 1
2009-03-09, 2
2009-04-13, 4
2009-01-15, 6
2009-01-08, 4
2009-06-19, 2
2009-05-22, 4
2009-03-01, 2
2009-12-27, 2
2009-09-26, 1
2009-05-06, 1
2009-07-17, 3
2009-09-20, 1
2009-12-22, 5
2009-10-19, 3
2009-09-27, 5
2009-08-10, 1
2009-10-03, 3
2009-09-08, 1
2009-09-14, 4
2009-02-06, 1
2009-02-01, 5
2009-01-27, 1
2009-04-26, 2
2009-11-04, 17
2009-06-11, 1
2009-11-02, 3
2009-06-17, 2
2009-04-17, 4
2009-11-03, 3
2009-03-11, 2
2009-11-01, 9
2009-10-18, 3
2009-10-27, 3
2009-10-04, 4
2009-08-05, 3
2009-09-24, 1
2009-01-26, 3
2009-11-14, 2
2009-08-24, 2
2009-11-25, 2
2009-01-01, 1
2009-12-11, 2
2009-04-16, 6
2009-05-18, 4
2009-09-22, 1
2009-07-21, 2
2009-05-21, 1
2009-04-08, 1
2009-07-20, 2
2009-02-15, 2
2009-05-25, 4
2009-10-06, 2
2009-08-02, 1
2009-07-31, 1
2009-03-20, 1
2009-04-22, 2
2009-07-16, 1
2009-04-11, 1
2009-07-22, 1
2009-10-12, 1
2009-04-30, 1
2009-10-17, 2
2009-10-24, 2
2009-03-31, 1
2009-12-18, 4
2009-07-04, 1
2009-06-13, 2
2009-02-12, 2
2009-01-02, 2
2009-10-11, 4
2009-08-21, 2
2009-05-12, 2
2009-07-25, 1
2009-07-06, 3
2009-09-06, 1
2009-08-09, 2
2009-06-26, 4
2009-05-30, 2
2009-05-15, 3
2009-01-30, 4
2009-05-03, 2
2009-10-31, 1
2009-09-16, 2
2009-05-16, 2
2009-10-29, 3
2009-12-08, 2
2009-12-06, 3
2009-09-15, 1
2009-05-23, 1
2009-09-04, 2
2009-10-20, 1
2009-06-15, 1
2009-08-06, 1
2009-11-09, 1
2009-06-28, 3
2009-02-02, 1
2009-02-26, 1
2009-05-11, 1
2009-06-03, 1
2009-09-05, 6
2009-02-20, 1
2009-05-04, 2
2009-02-09, 1
2009-03-02, 2
2009-05-09, 4
2009-03-30, 2
2009-08-31, 1
2009-03-26, 1
2009-06-22, 1
2009-08-20, 1
2009-01-11, 1
2009-03-23, 1
2009-06-08, 1
2009-09-19, 1
2009-02-21, 1
2009-12-03, 1
2009-03-06, 2
2009-03-19, 2
2009-12-19, 4
2009-11-24, 2
2009-09-12, 2
2009-03-10, 2
2009-01-29, 1
2009-01-28, 1
2009-12-17, 1
2009-09-09, 2
2009-06-24, 1
2009-10-13, 2
2009-02-27, 1
2009-11-08, 1
2009-11-22, 2
2009-04-28, 1
2009-08-11, 2
2009-04-14, 2
2009-11-11, 1
2009-12-26, 1
2009-06-20, 1
2009-08-07, 2
2009-02-03, 1
2009-11-16, 1
2009-05-14, 2
2009-09-25, 3
2009-02-17, 1
2009-09-28, 1
2009-03-18, 1
2009-04-09, 1
2009-12-28, 1
2009-03-28, 1
2009-12-16, 1
2009-12-30, 1
2008-04-24, 5
2008-08-21, 3
2008-06-22, 5
2008-12-28, 3
2008-06-01, 5
2008-05-02, 1
2008-11-02, 7
2008-01-30, 2
2008-06-02, 1
2008-06-18, 2
2008-11-09, 8
2008-09-18, 3
2008-03-04, 2
2008-10-05, 5
2008-02-04, 2
2008-01-31, 2
2008-07-23, 10
2008-10-12, 5
2008-11-25, 1
2008-01-22, 6
2008-05-11, 7
2008-03-15, 1
2008-07-30, 2
2008-04-20, 15
2008-06-27, 4
2008-06-26, 2
2008-10-14, 2
2008-02-09, 7
2008-12-09, 4
2008-08-20, 1
2008-11-05, 2
2008-04-01, 2
2008-12-14, 3
2008-10-30, 3
2008-11-30, 4
2008-12-10, 6
2008-08-22, 3
2008-08-04, 1
2008-02-24, 8
2008-08-16, 5
2008-08-05, 4
2008-08-25, 2
2008-03-14, 2
2008-07-15, 1
2008-07-06, 4
2008-08-24, 7
2008-12-07, 11
2008-10-02, 3
2008-09-21, 3
2008-03-02, 4
2008-07-01, 1
2008-08-30, 1
2008-08-29, 1
2008-08-17, 6
2008-09-11, 4
2008-09-23, 1
2008-08-23, 2
2008-09-10, 2
2008-11-16, 6
2008-06-16, 2
2008-09-12, 1
2008-09-15, 12
2008-07-29, 3
2008-05-18, 2
2008-09-28, 6
2008-04-27, 5
2008-10-03, 5
2008-02-10, 3
2008-12-08, 4
2008-01-20, 5
2008-01-17, 2
2008-12-22, 1
2008-05-12, 2
2008-12-13, 6
2008-07-02, 1
2008-11-29, 2
2008-11-18, 4
2008-10-31, 2
2008-12-18, 1
2008-08-06, 2
2008-10-22, 1
2008-08-03, 3
2008-05-13, 19
2008-06-17, 2
2008-01-13, 3
2008-04-06, 5
2008-10-24, 2
2008-05-28, 1
2008-09-07, 3
2008-02-23, 2
2008-08-18, 4
2008-11-21, 2
2008-04-26, 3
2008-12-25, 2
2008-02-22, 2
2008-09-01, 1
2008-12-23, 1
2008-07-18, 2
2008-03-09, 5
2008-07-31, 4
2008-02-19, 1
2008-02-08, 3
2008-07-27, 2
2008-10-08, 1
2008-01-01, 3
2008-04-30, 4
2008-01-28, 4
2008-07-13, 6
2008-02-18, 3
2008-12-17, 2
2008-10-26, 3
2008-01-26, 2
2008-10-27, 2
2008-08-07, 2
2008-01-11, 1
2008-04-29, 2
2008-09-24, 4
2008-01-19, 1
2008-11-07, 2
2008-11-06, 3
2008-07-24, 6
2008-10-19, 5
2008-02-16, 1
2008-10-29, 2
2008-11-14, 2
2008-03-07, 2
2008-03-24, 4
2008-08-15, 1
2008-10-20, 1
2008-01-06, 2
2008-05-04, 2
2008-01-02, 4
2008-02-01, 2
2008-05-30, 3
2008-02-03, 5
2008-06-04, 1
2008-08-19, 6
2008-06-08, 4
2008-03-11, 4
2008-03-10, 4
2008-05-09, 2
2008-12-27, 2
2008-11-23, 4
2008-12-20, 4
2008-10-06, 1
2008-09-27, 2
2008-06-14, 2
2008-09-20, 1
2008-11-13, 5
2008-07-14, 3
2008-10-07, 2
2008-05-08, 1
2008-02-21, 2
2008-10-17, 4
2008-03-08, 1
2008-05-03, 2
2008-08-31, 1
2008-09-26, 5
2008-08-28, 1
2008-02-17, 1
2008-04-19, 2
2008-02-29, 1
2008-10-11, 1
2008-10-16, 2
2008-11-22, 1
2008-07-07, 1
2008-11-26, 2
2008-10-21, 2
2008-12-03, 3
2008-12-15, 3
2008-09-06, 3
2008-09-17, 5
2008-06-13, 1
2008-10-04, 2
2008-07-22, 4
2008-02-27, 2
2008-12-12, 2
2008-01-27, 2
2008-03-26, 1
2008-05-23, 1
2008-03-13, 1
2008-02-26, 2
2008-11-12, 1
2008-04-08, 1
2008-06-24, 2
2008-08-26, 2
2008-02-12, 3
2008-06-03, 2
2008-03-05, 1
2008-12-29, 1
2008-10-23, 1
2008-08-27, 1
2008-01-07, 2
2008-12-11, 3
2008-04-23, 2
2008-10-13, 3
2008-09-16, 1
2008-12-05, 1
2008-01-09, 1
2008-11-28, 2
2008-09-04, 2
2008-03-16, 1
2008-06-15, 2
2008-03-06, 1
2008-07-21, 1
2008-01-08, 14
2008-02-05, 1
2008-10-15, 1
2008-01-23, 1
2008-01-14, 2
2008-09-02, 1
2008-05-25, 1
2008-06-23, 1
2008-05-27, 1
2008-01-12, 1
2008-11-17, 1
2008-04-21, 1
2008-07-12, 1
2008-07-04, 1
2008-12-02, 1
2008-01-15, 2
2008-06-12, 2
2008-03-18, 2
2008-02-20, 1
2008-02-02, 1
2008-07-03, 3
2008-12-16, 1
2008-06-09, 1
2008-04-09, 1
2008-05-07, 2
2008-09-25, 2
2008-09-05, 2
2008-10-28, 1
2008-04-07, 1
2008-01-21, 2
2008-06-07, 1
2008-02-11, 2
2008-07-20, 2
2008-06-25, 1
2008-11-20, 1
2008-11-27, 2
2008-06-29, 2
2008-05-26, 1
2008-09-22, 1
2008-09-14, 2
2008-02-13, 1
2008-05-14, 2
2008-04-22, 1
2008-09-19, 1
2008-04-28, 1
2008-09-30, 1
2008-06-10, 1
2008-05-31, 1
2008-02-15, 1
2008-04-17, 1
2008-04-13, 1
2008-08-10, 1
2008-03-23, 1
2008-11-01, 1
2008-06-06, 1
2007-08-22, 12
2007-01-12, 1
2007-11-11, 7
2007-09-29, 1
2007-04-14, 1
2007-08-28, 1
2007-05-09, 3
2007-05-31, 2
2007-06-10, 1
2007-04-22, 1
2007-06-27, 7
2007-06-14, 2
2007-03-13, 1
2007-07-31, 3
2007-08-11, 1
2007-08-09, 2
2007-09-06, 3
2007-05-11, 3
2007-06-07, 1
2007-07-10, 4
2007-12-29, 2
2007-10-06, 9
2007-01-30, 5
2007-07-14, 1
2007-12-16, 2
2007-12-11, 4
2007-06-06, 4
2007-07-22, 2
2007-08-13, 6
2007-04-11, 4
2007-10-03, 4
2007-08-21, 2
2007-09-26, 1
2007-01-28, 2
2007-09-16, 5
2007-05-06, 2
2007-06-05, 2
2007-03-06, 1
2007-01-29, 1
2007-04-12, 2
2007-07-09, 1
2007-05-22, 1
2007-12-24, 1
2007-10-04, 2
2007-02-06, 5
2007-09-11, 2
2007-12-01, 1
2007-08-02, 1
2007-12-26, 4
2007-10-21, 1
2007-08-26, 15
2007-10-09, 2
2007-06-17, 4
2007-02-03, 2
2007-09-14, 4
2007-12-09, 5
2007-05-20, 10
2007-05-17, 3
2007-09-23, 17
2007-11-01, 2
2007-07-15, 5
2007-11-04, 16
2007-10-19, 2
2007-11-18, 16
2007-10-20, 4
2007-11-02, 4
2007-08-24, 4
2007-10-30, 5
2007-09-09, 4
2007-11-20, 1
2007-01-25, 2
2007-05-29, 4
2007-07-26, 1
2007-01-02, 2
2007-09-30, 16
2007-04-04, 1
2007-05-19, 4
2007-04-19, 3
2007-08-12, 2
2007-10-18, 2
2007-04-17, 2
2007-09-21, 2
2007-01-06, 2
2007-09-08, 2
2007-11-03, 1
2007-08-25, 2
2007-10-02, 1
2007-03-18, 2
2007-09-10, 6
2007-02-25, 3
2007-02-09, 2
2007-01-18, 2
2007-03-17, 1
2007-05-30, 3
2007-10-07, 2
2007-12-05, 3
2007-02-15, 3
2007-07-19, 2
2007-01-10, 2
2007-08-23, 2
2007-09-19, 2
2007-05-15, 1
2007-01-27, 2
2007-08-17, 1
2007-05-10, 2
2007-10-10, 1
2007-11-06, 3
2007-06-22, 1
2007-05-21, 1
2007-01-13, 2
2007-10-14, 3
2007-12-30, 7
2007-09-05, 1
2007-08-15, 2
2007-11-10, 1
2007-11-05, 1
2007-07-02, 1
2007-09-02, 2
2007-04-09, 1
2007-02-23, 1
2007-04-15, 3
2007-10-31, 2
2007-07-25, 1
2007-08-01, 1
2007-04-03, 4
2007-07-18, 2
2007-05-02, 5
2007-06-19, 2
2007-11-29, 4
2007-01-21, 1
2007-05-23, 1
2007-09-15, 5
2007-05-04, 3
2007-09-24, 1
2007-10-17, 1
2007-09-25, 2
2007-10-05, 2
2007-09-07, 3
2007-06-08, 2
2007-04-16, 4
2007-07-03, 2
2007-06-24, 1
2007-12-02, 2
2007-03-11, 2
2007-02-13, 3
2007-06-13, 1
2007-11-24, 2
2007-05-13, 2
2007-02-16, 2
2007-11-14, 2
2007-04-24, 1
2007-08-08, 2
2007-02-01, 1
2007-11-25, 2
2007-12-14, 1
2007-03-09, 1
2007-02-21, 2
2007-07-06, 1
2007-07-30, 1
2007-03-27, 1
2007-03-25, 1
2007-04-01, 2
2007-02-11, 2
2007-12-27, 2
2007-04-05, 2
2007-04-10, 1
2007-10-28, 1
2007-08-20, 1
2007-02-14, 1
2007-09-20, 1
2007-04-13, 1
2007-04-02, 1
2007-11-09, 5
2007-12-22, 1
2007-03-20, 2
2007-11-16, 2
2007-05-12, 1
2007-07-16, 3
2007-03-14, 2
2007-09-28, 2
2007-01-01, 1
2007-07-27, 1
2007-10-24, 1
2007-12-25, 1
2007-01-09, 2
2007-06-01, 1
2007-11-15, 1
2007-07-13, 1
2007-12-18, 1
2007-10-01, 2
2007-06-28, 3
2007-09-17, 2
2007-10-08, 2
2007-10-29, 1
2007-11-19, 1
2007-01-20, 1
2007-05-27, 3
2007-04-25, 3
2007-11-28, 2
2007-01-07, 2
2007-05-08, 1
2007-12-17, 1
2007-12-31, 1
2007-03-28, 1
2007-10-16, 1
2007-02-22, 3
2007-11-26, 1
2007-08-14, 1
2007-02-04, 1
2007-07-20, 1
2007-04-29, 1
2007-02-24, 2
2007-05-24, 1
2007-06-21, 1
2007-08-16, 1
2007-08-29, 1
2007-10-26, 1
2007-11-21, 1
2007-12-10, 1
2007-11-12, 2
2007-06-26, 1
2007-03-12, 1
2007-12-08, 1
2007-08-03, 1
2007-12-07, 1
2007-11-08, 1
2007-06-03, 2
2007-03-16, 1
2007-08-05, 1
2007-03-08, 1
2007-01-17, 1
2007-11-27, 1
2007-01-15, 1
2007-01-24, 1
2007-02-19, 1
2007-07-08, 1
2007-12-20, 1
2007-02-05, 1
2007-09-12, 1
2007-08-06, 1
2007-07-23, 1
2007-12-15, 1
2007-09-22, 1
2007-04-08, 1
2006-11-05, 2
2006-02-28, 2
2006-08-10, 1
2006-06-16, 1
2006-09-20, 1
2006-11-01, 1
2006-06-19, 4
2006-12-10, 5
2006-01-10, 2
2006-12-11, 2
2006-11-07, 2
2006-03-10, 1
2006-08-25, 2
2006-02-19, 3
2006-08-13, 1
2006-12-19, 2
2006-08-11, 4
2006-12-31, 1
2006-08-23, 3
2006-09-16, 1
2006-09-23, 2
2006-05-17, 3
2006-05-05, 1
2006-09-10, 1
2006-12-06, 15
2006-05-10, 1
2006-11-28, 2
2006-11-10, 2
2006-06-18, 7
2006-06-25, 6
2006-08-28, 1
2006-04-02, 4
2006-08-31, 4
2006-09-17, 1
2006-12-05, 8
2006-10-29, 2
2006-06-22, 2
2006-05-06, 1
2006-07-05, 5
2006-09-14, 3
2006-03-12, 7
2006-05-18, 1
2006-12-12, 3
2006-06-21, 3
2006-12-21, 2
2006-01-15, 3
2006-08-22, 2
2006-01-19, 4
2006-05-14, 1
2006-06-26, 2
2006-08-26, 1
2006-11-09, 2
2006-06-10, 3
2006-01-08, 3
2006-04-14, 4
2006-09-06, 1
2006-11-08, 3
2006-10-08, 2
2006-12-03, 2
2006-04-30, 1
2006-12-29, 1
2006-02-23, 2
2006-07-25, 1
2006-06-01, 1
2006-05-29, 1
2006-10-13, 2
2006-11-19, 1
2006-07-07, 1
2006-04-21, 1
2006-05-12, 3
2006-07-09, 2
2006-06-27, 3
2006-12-23, 1
2006-05-28, 4
2006-08-03, 3
2006-05-23, 1
2006-07-10, 2
2006-12-20, 2
2006-03-31, 1
2006-10-03, 3
2006-04-29, 1
2006-12-22, 2
2006-09-22, 2
2006-12-25, 1
2006-08-15, 1
2006-04-23, 4
2006-05-03, 1
2006-12-17, 3
2006-11-24, 3
2006-10-24, 1
2006-06-02, 1
2006-11-20, 1
2006-12-04, 1
2006-08-24, 2
2006-08-20, 1
2006-05-21, 2
2006-05-16, 2
2006-02-26, 3
2006-04-09, 1
2006-03-23, 1
2006-04-16, 1
2006-07-19, 1
2006-11-15, 1
2006-03-01, 1
2006-10-11, 1
2006-11-02, 1
2006-11-03, 1
2006-08-21, 1
2006-10-31, 1
2006-09-24, 1
2006-10-19, 2
2006-11-29, 2
2006-04-25, 1
2006-03-19, 2
2006-06-30, 2
2006-01-01, 3
2006-03-07, 1
2006-12-30, 1
2006-09-15, 2
2006-06-20, 1
2006-10-30, 2
2006-03-08, 2
2006-12-28, 1
2006-04-24, 1
2006-06-23, 1
2006-06-11, 3
2006-03-30, 1
2006-05-30, 1
2006-07-04, 1
2006-07-16, 1
2006-01-30, 1
2006-07-24, 1
2006-05-07, 2
2006-11-30, 1
2006-06-08, 1
2006-11-17, 1
2006-06-17, 1
2006-12-16, 2
2006-01-25, 1
2006-06-04, 1
2006-09-13, 1
2006-11-12, 1
2006-04-19, 1
2006-07-23, 2
2006-06-07, 1
2006-12-14, 1
2006-11-11, 1
2006-06-03, 1
2006-04-01, 1
2006-04-18, 1
2006-08-14, 1
2006-11-16, 1
2006-05-31, 1
2006-04-06, 2
2006-04-05, 1
2006-12-24, 1
2006-06-15, 1
2006-08-06, 2
2006-02-08, 1
2006-10-23, 1
2006-12-18, 1
2006-10-04, 1
2006-10-09, 1
2006-12-26, 1
2006-10-15, 1
2005-01-31, 3
2005-11-23, 2
2005-01-19, 1
2005-02-08, 1
2005-02-15, 2
2005-01-01, 1
2005-01-17, 1
2005-12-16, 1
2005-02-20, 2
2005-06-14, 1
2005-03-07, 1
2005-09-11, 1
2005-05-03, 1
2005-04-29, 1
2005-04-11, 1
2005-10-22, 3
2005-06-05, 5
2005-04-06, 4
2005-07-16, 4
2005-05-30, 2
2005-02-22, 4
2005-11-15, 2
2005-07-03, 2
2005-11-14, 54
2005-07-24, 3
2005-07-18, 4
2005-09-25, 4
2005-04-03, 7
2005-08-02, 2
2005-06-12, 3
2005-11-17, 2
2005-02-28, 6
2005-10-02, 2
2005-10-10, 2
2005-03-20, 6
2005-12-11, 2
2005-02-27, 4
2005-03-27, 6
2005-03-02, 4
2005-11-27, 2
2005-05-08, 3
2005-12-07, 3
2005-12-10, 2
2005-02-01, 4
2005-12-15, 2
2005-10-25, 3
2005-07-15, 1
2005-03-01, 5
2005-12-18, 5
2005-12-04, 2
2005-12-13, 2
2005-09-28, 2
2005-07-17, 5
2005-09-04, 2
2005-12-08, 2
2005-12-03, 2
2005-10-16, 5
2005-02-21, 1
2005-04-22, 2
2005-10-20, 3
2005-06-08, 2
2005-04-13, 1
2005-08-09, 1
2005-10-12, 2
2005-09-08, 1
2005-04-27, 1
2005-05-29, 2
2005-11-04, 1
2005-04-04, 1
2005-06-21, 1
2005-03-13, 1
2005-08-30, 1
2005-04-17, 2
2005-03-16, 1
2005-03-25, 1
2005-08-28, 1
2005-08-14, 1
2005-12-24, 1
2005-06-20, 2
2005-03-30, 2
2005-02-13, 2
2005-01-13, 2
2005-06-10, 1
2005-04-07, 2
2005-05-14, 1
2005-06-28, 2
2005-11-13, 1
2005-03-05, 1
2005-08-19, 1
2005-05-27, 1
2005-03-24, 1
2005-08-01, 1
2005-10-24, 2
2005-10-09, 2
2005-04-26, 1
2005-03-23, 1
2005-06-07, 1
2005-09-19, 2
2005-05-16, 1
2005-06-15, 1
2005-05-20, 1
2005-08-15, 1
2005-10-27, 1
2005-11-25, 2
2004-12-07, 1
2004-11-21, 4
2004-11-03, 1
2004-02-24, 1
2004-11-14, 3
2004-03-31, 2
2004-12-12, 1
2004-06-20, 12
2004-05-16, 29
2004-10-17, 7
2004-01-04, 4
2004-10-27, 2
2004-07-06, 2
2004-05-30, 5
2004-09-29, 2
2004-04-25, 5
2004-06-06, 2
2004-04-08, 1
2004-09-24, 4
2004-05-02, 4
2004-02-01, 5
2004-03-28, 3
2004-03-21, 3
2004-09-26, 5
2004-01-18, 5
2004-01-25, 5
2004-11-28, 4
2004-10-01, 2
2004-05-18, 4
2004-10-13, 2
2004-10-02, 4
2004-05-21, 6
2004-01-13, 2
2004-01-10, 1
2004-10-10, 3
2004-03-07, 3
2004-10-09, 2
2004-10-06, 2
2004-09-20, 2
2004-10-14, 3
2004-01-03, 1
2004-11-23, 1
2004-12-13, 2
2004-07-11, 2
2004-09-28, 2
2004-12-15, 2
2004-10-26, 2
2004-10-19, 3
2004-10-05, 2
2004-06-08, 2
2004-05-09, 3
2004-05-20, 2
2004-10-08, 2
2004-07-31, 1
2004-10-15, 2
2004-02-29, 3
2004-06-22, 4
2004-08-15, 7
2004-11-18, 1
2004-08-22, 2
2004-03-09, 1
2004-01-14, 2
2004-02-15, 4
2004-06-27, 8
2004-12-29, 4
2004-03-14, 3
2004-05-23, 2
2004-06-13, 3
2004-10-31, 3
2004-11-11, 2
2004-09-12, 2
2004-11-04, 2
2004-11-07, 2
2004-12-05, 2
2004-10-03, 4
2004-12-28, 2
2004-12-06, 2
2004-10-24, 2
2004-01-11, 4
2004-11-10, 2
2004-09-19, 1
2004-08-19, 1
2004-10-29, 1
2004-05-28, 1
2004-11-19, 1
2004-04-30, 1
2004-07-23, 1
2004-06-09, 1
2004-04-09, 1
2003-01-28, 1
2003-09-29, 1
2003-10-20, 1
2003-02-28, 1
2003-12-01, 1
2003-05-04, 5
2003-12-20, 1
2003-11-16, 7
2003-08-10, 3
2003-09-14, 3
2003-06-15, 5
2003-04-06, 5
2003-09-07, 3
2003-06-08, 4
2003-04-20, 3
2003-03-16, 3
2003-11-02, 3
2003-09-21, 3
2003-01-13, 3
2003-12-28, 5
2003-11-23, 7
2003-11-30, 9
2003-10-12, 3
2003-02-02, 10
2003-05-11, 1
2003-05-13, 2
2003-01-05, 5
2003-03-23, 5
2003-08-03, 1
2003-02-06, 2
2003-12-10, 1
2003-05-02, 2
2003-07-27, 3
2003-10-05, 3
2003-09-28, 3
2003-09-27, 2
2003-11-09, 2
2003-10-19, 1
2003-06-02, 1
2003-11-13, 1
2003-03-27, 6
2003-02-09, 3
2003-04-24, 2
2003-04-27, 3
2003-01-19, 3
2003-04-08, 2
2003-07-20, 4
2003-01-12, 3
2003-03-09, 18
2003-12-14, 4
2003-05-16, 1
2003-12-05, 1
2003-06-27, 1
2003-09-24, 1
2003-12-31, 1
2003-02-18, 1
2003-07-07, 2
2003-05-18, 2
2003-09-15, 2
2003-06-23, 2
2003-06-19, 2
2003-08-27, 2
2003-07-13, 2
2003-02-15, 1
2003-11-29, 1
2003-03-15, 1
2003-08-01, 1
2003-11-06, 1
2003-07-08, 1
2002-08-18, 1
2002-06-21, 1
2002-12-03, 1
2002-01-14, 4
2002-01-10, 4
2002-01-13, 67
2002-01-16, 4
2002-01-08, 2
2002-01-04, 2
2002-01-20, 60
2002-01-18, 4
2002-01-05, 2
2002-01-11, 4
2002-01-03, 2
2002-01-17, 4
2002-01-19, 4
2002-01-15, 5
2002-01-09, 4
2002-01-02, 4
2002-01-06, 55
2002-03-02, 1
2002-02-28, 5
2002-03-07, 1
2002-04-28, 18
2002-04-21, 76
2002-03-10, 34
2002-01-27, 60
2002-04-07, 67
2002-02-03, 89
2002-08-04, 6
2002-09-15, 3
2002-02-24, 81
2002-02-23, 2
2002-02-17, 76
2002-02-21, 2
2002-04-14, 66
2002-02-10, 71
2002-04-23, 4
2002-09-08, 19
2002-07-14, 6
2002-03-17, 42
2002-03-31, 37
2002-03-24, 32
2002-10-20, 5
2002-07-05, 54
2002-08-20, 22
2002-08-12, 6
2002-08-13, 2
2002-05-08, 2
2002-07-19, 7
2002-08-19, 6
2002-05-31, 2
2002-06-01, 2
2002-08-16, 2
2002-08-14, 2
2002-06-07, 2
2002-06-02, 2
2002-03-03, 25
2002-07-28, 7
2002-04-01, 2
2002-10-06, 3
2002-09-01, 22
2002-07-24, 11
2002-05-22, 11
2002-04-20, 2
2002-01-30, 13
2002-03-19, 6
2002-09-29, 7
2002-07-21, 3
2002-06-30, 3
2002-08-25, 3
2002-09-10, 69
2002-01-23, 4
2002-05-20, 2
2002-01-28, 2
2002-02-19, 2
2002-01-25, 4
2002-06-26, 11
2002-12-01, 1
2002-01-26, 2
2002-05-10, 5
2002-01-22, 4
2002-01-29, 2
2002-05-18, 2
2002-02-12, 16
2002-05-19, 2
2002-07-07, 4
2002-05-12, 12
2002-11-19, 1
2002-01-12, 2
2002-10-23, 2
2002-01-24, 2
2002-01-31, 2
2002-05-05, 4
2002-02-01, 4
2002-01-21, 2
2002-09-22, 7
2002-09-20, 1
2002-07-30, 1
2002-02-22, 2
2002-04-12, 2
2002-02-14, 2
2002-12-29, 5
2002-02-16, 2
2002-11-24, 3
2002-12-15, 3
2002-02-08, 2
2002-03-18, 1
2002-12-10, 1
2002-03-06, 1
2002-10-13, 3
2002-06-16, 3
2002-03-13, 1
2002-04-06, 1
2002-08-11, 3
2002-06-23, 3
2002-05-21, 2
2002-05-26, 2
2002-10-14, 2
2002-07-31, 1
2002-07-06, 1
2002-04-16, 2
2002-01-07, 2
2002-01-01, 2
2002-10-11, 1
2002-04-18, 1
2002-09-04, 1
2002-10-03, 1
2002-05-09, 1
2002-04-05, 1
2002-10-17, 1
2001-10-08, 6
2001-10-06, 4
2001-10-04, 6
2001-10-01, 2
2001-10-05, 17
2001-09-27, 4
2001-09-26, 4
2001-09-25, 7
2001-09-29, 2
2001-09-24, 6
2001-09-21, 2
2001-11-05, 2
2001-11-02, 5
2001-11-04, 74
2001-10-31, 4
2001-10-19, 5
2001-10-26, 7
2001-10-25, 6
2001-07-24, 2
2001-07-21, 2
2001-07-26, 6
2001-07-30, 4
2001-07-27, 2
2001-07-29, 84
2001-07-23, 2
2001-07-25, 2
2001-07-16, 6
2001-07-18, 2
2001-07-12, 8
2001-07-14, 2
2001-07-20, 2
2001-07-11, 2
2001-07-13, 14
2001-07-19, 6
2001-07-17, 4
2001-07-15, 66
2001-01-26, 12
2001-10-09, 8
2001-12-20, 3
2001-11-12, 2
2001-11-09, 2
2001-11-11, 78
2001-11-08, 4
2001-11-15, 4
2001-11-10, 4
2001-11-07, 2
2001-11-13, 4
2001-08-19, 83
2001-12-30, 55
2001-02-02, 4
2001-09-09, 89
2001-02-01, 22
2001-02-13, 48
2001-06-21, 18
2001-09-16, 90
2001-08-26, 91
2001-09-15, 4
2001-01-25, 26
2001-10-21, 77
2001-05-24, 10
2001-07-22, 77
2001-01-02, 18
2001-01-24, 10
2001-06-28, 22
2001-01-12, 12
2001-01-28, 26
2001-04-24, 24
2001-02-11, 16
2001-06-14, 18
2001-02-08, 30
2001-06-03, 8
2001-03-11, 40
2001-11-18, 67
2001-02-14, 12
2001-01-07, 53
2001-09-02, 82
2001-06-16, 8
2001-07-01, 20
2001-05-31, 10
2001-06-09, 8
2001-01-19, 26
2001-01-30, 18
2001-09-30, 81
2001-07-05, 16
2001-11-25, 66
2001-05-03, 10
2001-06-07, 12
2001-01-14, 20
2001-07-04, 8
2001-03-01, 30
2001-09-23, 62
2001-12-02, 76
2001-03-23, 8
2001-03-07, 19
2001-05-23, 9
2001-05-08, 23
2001-05-15, 34
2001-06-06, 11
2001-02-20, 16
2001-08-12, 72
2001-01-29, 14
2001-03-08, 22
2001-03-04, 27
2001-02-19, 8
2001-09-22, 2
2001-08-05, 104
2001-07-08, 30
2001-10-14, 73
2001-06-23, 6
2001-01-04, 44
2001-04-10, 20
2001-02-27, 22
2001-02-09, 12
2001-04-19, 16
2001-04-26, 18
2001-10-28, 69
2001-03-22, 19
2001-02-04, 18
2001-01-11, 32
2001-05-05, 2
2001-10-07, 71
2001-01-09, 16
2001-06-12, 16
2001-11-14, 50
2001-02-05, 8
2001-01-15, 20
2001-12-23, 53
2001-06-26, 11
2001-10-29, 2
2001-03-24, 4
2001-06-05, 37
2001-02-18, 20
2001-12-16, 73
2001-06-04, 8
2001-04-21, 9
2001-01-18, 32
2001-10-22, 4
2001-04-03, 26
2001-01-13, 14
2001-03-09, 10
2001-06-01, 15
2001-01-22, 14
2001-05-01, 18
2001-03-14, 13
2001-01-03, 16
2001-06-19, 14
2001-03-25, 26
2001-07-09, 13
2001-04-22, 12
2001-07-06, 4
2001-10-13, 2
2001-04-25, 6
2001-05-26, 6
2001-05-13, 38
2001-08-06, 6
2001-01-23, 30
2001-04-17, 18
2001-06-30, 8
2001-07-02, 9
2001-08-28, 7
2001-02-07, 12
2001-03-15, 30
2001-03-21, 8
2001-05-22, 14
2001-09-11, 2
2001-02-23, 10
2001-05-27, 14
2001-11-23, 1
2001-12-29, 4
2001-12-31, 6
2001-04-13, 4
2001-04-15, 10
2001-03-03, 8
2001-05-20, 12
2001-04-06, 4
2001-06-22, 6
2001-11-01, 2
2001-03-16, 16
2001-08-21, 4
2001-08-27, 4
2001-08-23, 6
2001-08-24, 11
2001-08-25, 2
2001-08-20, 6
2001-08-16, 9
2001-08-15, 4
2001-08-13, 4
2001-08-10, 6
2001-08-14, 2
2001-08-17, 4
2001-09-14, 2
2001-09-19, 2
2001-08-31, 2
2001-09-17, 4
2001-09-20, 2
2001-09-06, 4
2001-09-03, 2
2001-09-04, 5
2001-09-01, 2
2001-08-30, 2
2001-09-07, 2
2001-04-20, 2
2001-05-21, 2
2001-01-05, 10
2001-02-28, 8
2001-06-11, 10
2001-02-21, 10
2001-01-27, 10
2001-06-17, 16
2001-06-10, 8
2001-01-21, 44
2001-01-20, 28
2001-06-25, 8
2001-02-16, 12
2001-02-17, 8
2001-02-06, 18
2001-03-13, 16
2001-07-10, 10
2001-06-13, 10
2001-06-27, 8
2001-03-18, 30
2001-07-07, 6
2001-05-18, 6
2001-05-25, 4
2001-05-28, 2
2001-06-18, 8
2001-06-24, 24
2001-12-11, 4
2001-10-17, 2
2001-06-20, 10
2001-10-16, 2
2001-05-29, 4
2001-07-03, 12
2001-04-18, 8
2001-05-10, 16
2001-03-31, 4
2001-10-23, 2
2001-06-29, 14
2001-05-14, 2
2001-01-16, 22
2001-03-05, 10
2001-03-02, 8
2001-06-02, 4
2001-10-20, 2
2001-01-08, 8
2001-03-20, 22
2001-03-30, 2
2001-05-04, 9
2001-03-12, 11
2001-04-23, 4
2001-11-26, 13
2001-11-03, 2
2001-02-03, 10
2001-01-17, 14
2001-02-26, 16
2001-05-06, 13
2001-12-05, 4
2001-02-25, 18
2001-04-16, 4
2001-10-15, 4
2001-10-10, 2
2001-01-10, 10
2001-04-04, 4
2001-08-01, 4
2001-10-02, 6
2001-02-15, 26
2001-05-02, 6
2001-03-27, 12
2001-08-18, 2
2001-04-12, 18
2001-11-27, 2
2001-10-11, 2
2001-12-09, 65
2001-04-07, 4
2001-04-28, 2
2001-11-30, 4
2001-12-06, 4
2001-09-28, 2
2001-03-26, 8
2001-11-28, 6
2001-03-06, 11
2001-12-04, 4
2001-01-01, 8
2001-11-19, 4
2001-04-08, 8
2001-05-12, 6
2001-11-20, 4
2001-12-03, 4
2001-03-19, 4
2001-11-21, 6
2001-05-11, 5
2001-08-08, 3
2001-05-17, 16
2001-04-05, 12
2001-03-29, 20
2001-02-12, 10
2001-02-22, 18
2001-01-06, 6
2001-12-15, 4
2001-10-30, 4
2001-10-24, 2
2001-12-14, 4
2001-12-22, 2
2001-12-13, 6
2001-12-18, 2
2001-12-19, 2
2001-12-10, 4
2001-12-08, 2
2001-12-12, 2
2001-12-07, 4
2001-04-11, 6
2001-09-10, 4
2001-05-07, 8
2001-04-09, 6
2001-01-31, 2
2001-11-17, 4
2001-07-31, 2
2001-08-09, 4
2001-08-03, 4
2001-08-02, 6
2001-10-12, 2
2001-10-18, 4
2001-02-24, 6
2001-06-08, 2
2001-04-30, 6
2001-03-17, 2
2001-06-15, 8
2001-05-16, 4
2001-04-01, 6
2001-05-30, 2
2001-11-22, 2
2001-12-17, 2
2001-12-27, 8
2001-04-02, 2
2001-04-29, 8
2001-09-12, 2
2001-11-24, 2
2001-05-09, 2
2001-05-19, 2
2001-11-16, 2
2001-11-29, 2
2001-07-28, 1
2001-12-26, 3
2001-12-24, 2
2001-12-25, 2
2001-12-28, 2
2001-12-21, 1
2000-10-24, 13
2000-10-13, 22
2000-10-17, 26
2000-10-06, 20
2000-12-19, 14
2000-10-15, 17
2000-10-19, 22
2000-10-03, 26
2000-06-18, 1
2000-10-09, 14
2000-09-26, 26
2000-12-20, 18
2000-09-13, 28
2000-09-22, 12
2000-12-14, 20
2000-10-01, 10
2000-09-23, 8
2000-10-04, 12
2000-10-20, 2
2000-09-06, 24
2000-09-17, 20
2000-11-01, 20
2000-10-21, 3
2000-12-16, 2
2000-09-18, 30
2000-09-27, 16
2000-11-08, 4
2000-11-03, 6
2000-09-20, 6
2000-09-12, 37
2000-03-01, 7
2000-11-15, 15
2000-09-29, 16
2000-12-23, 8
2000-10-10, 22
2000-09-16, 22
2000-09-21, 22
2000-10-14, 2
2000-09-10, 90
2000-12-05, 16
2000-11-30, 18
2000-09-14, 24
2000-12-04, 6
2000-11-29, 12
2000-05-10, 11
2000-04-16, 6
2000-09-28, 20
2000-10-08, 8
2000-12-12, 18
2000-11-07, 12
2000-07-19, 7
2000-09-11, 18
2000-10-31, 16
2000-12-01, 4
2000-10-05, 22
2000-10-12, 26
2000-09-07, 20
2000-09-24, 8
2000-12-09, 8
2000-11-02, 10
2000-12-10, 12
2000-09-08, 24
2000-10-11, 23
2000-12-17, 8
2000-11-17, 10
2000-11-28, 10
2000-12-03, 8
2000-01-11, 2
2000-02-27, 4
2000-05-07, 4
2000-11-20, 6
2000-09-19, 30
2000-12-26, 14
2000-09-15, 31
2000-11-22, 8
2000-11-24, 8
2000-09-09, 22
2000-10-07, 4
2000-10-29, 2
2000-09-30, 4
2000-12-28, 12
2000-08-23, 11
2000-11-19, 10
2000-10-18, 6
2000-11-10, 6
2000-04-05, 11
2000-11-21, 8
2000-11-05, 25
2000-12-21, 12
2000-03-12, 3
2000-12-30, 8
2000-01-23, 2
2000-03-05, 4
2000-12-24, 3
2000-06-29, 2
2000-11-27, 4
2000-11-04, 2
2000-06-21, 11
2000-01-26, 7
2000-06-07, 2
2000-12-07, 20
2000-10-02, 4
2000-12-15, 10
2000-04-23, 1
2000-11-16, 7
2000-12-18, 4
2000-10-26, 14
2000-11-18, 4
2000-11-09, 2
2000-09-25, 2
2000-10-22, 10
2000-10-23, 4
2000-12-27, 6
2000-12-25, 4
2000-12-22, 9
2000-11-06, 6
2000-04-27, 1
2000-11-12, 6
2000-04-06, 1
2000-03-08, 1
2000-11-14, 14
2000-10-30, 10
2000-11-25, 4
2000-12-13, 8
2000-02-13, 2
2000-07-31, 2
2000-11-26, 4
2000-01-20, 1
2000-06-13, 1
2000-10-25, 4
2000-11-23, 4
2000-12-31, 6
2000-10-27, 4
2000-05-26, 1
2000-08-20, 2
2000-08-12, 2
2000-03-20, 2
2000-12-11, 1
2000-07-10, 2
2000-12-08, 2
2000-05-14, 1
2000-01-28, 1
2000-01-14, 1
1999-06-20, 6
1999-02-11, 2
1999-05-09, 4
1999-06-13, 4
1999-01-31, 2
1999-03-25, 1
1999-09-05, 7
1999-03-14, 2
1999-05-24, 1
1999-03-13, 1
1999-08-08, 1
1999-11-30, 2
1999-09-12, 4
1999-04-15, 2
1999-02-14, 2
1999-09-26, 4
1999-11-14, 4
1999-05-02, 2
1999-10-10, 2
1999-11-16, 1
1999-02-21, 2
1999-01-28, 1
1999-06-24, 1
1999-06-22, 1
1999-07-25, 1
1999-05-08, 1
1999-10-05, 1
1999-04-09, 1
1999-11-21, 1
1998-02-22, 1
1998-10-20, 1
1998-04-30, 1
1998-08-11, 1
1998-03-29, 1
1998-09-27, 4
1998-11-11, 3
1998-10-30, 2
1998-11-25, 2
1998-02-01, 4
1998-05-17, 4
1998-10-15, 1
1998-10-25, 4
1998-11-29, 2
1998-12-15, 2
1998-11-21, 1
1998-10-27, 1
1998-07-19, 1
1998-11-28, 2
1998-01-25, 2
1998-10-11, 2
1998-08-08, 1
1998-06-29, 1
1998-07-14, 1
1998-02-25, 1
1998-03-01, 4
1998-04-28, 2
1998-04-26, 1
1998-03-11, 2
1998-09-30, 1
1998-06-07, 2
1998-11-08, 3
1998-05-24, 2
1998-12-27, 4
1998-04-19, 3
1998-02-08, 2
1998-06-04, 2
1998-09-10, 1
1998-06-01, 2
1998-05-19, 2
1998-05-07, 2
1998-01-18, 2
1998-06-05, 1
1998-01-22, 2
1998-01-19, 2
1998-04-06, 1
1998-12-23, 1
1998-06-10, 1
1998-12-04, 1
1997-05-11, 1
1997-07-11, 1
1997-11-09, 2
1997-10-02, 1
1997-07-21, 1
1997-05-07, 2
1997-01-20, 1
1997-09-30, 1
1997-09-26, 1
1997-12-04, 1
1997-05-08, 1
1997-10-12, 4
1997-02-11, 1
1997-03-16, 2
1997-12-14, 4
1997-05-06, 1
1997-07-23, 1
1997-01-01, 1
1997-07-31, 1
1997-05-25, 1
1997-10-17, 1
1997-04-20, 2
1997-09-02, 2
1997-07-25, 2
1997-03-30, 2
1997-01-09, 1
1997-09-06, 1
1997-06-29, 1
1997-07-14, 1
1997-05-14, 1
1997-07-13, 1
1997-04-27, 1
1996-11-24, 1
1996-07-31, 1
1996-06-26, 2
1996-12-03, 2
1996-06-09, 2
1996-09-08, 2
1996-06-20, 2
1996-01-28, 2
1996-01-14, 2
1996-03-10, 1
1996-11-18, 1
1996-04-07, 1
1996-04-28, 1
1996-12-22, 1
1996-09-17, 2
1996-01-30, 2
1996-03-24, 2
1996-06-13, 1
1996-03-03, 2
1996-09-19, 2
1996-05-21, 2
1996-04-21, 2
1996-02-25, 2
1996-10-13, 2
1996-10-26, 2
1996-09-14, 1
1996-03-22, 1
1996-02-27, 1
1996-02-14, 1
1995-12-01, 1
1995-08-06, 4
1995-12-24, 2
1995-10-15, 1
1995-07-25, 1
1995-10-08, 1
1995-10-17, 1
1995-12-28, 4
1995-11-07, 1
1995-05-11, 1
1995-05-07, 2
1995-10-29, 3
1995-02-26, 2
1995-04-30, 2
1995-11-26, 2
1995-10-06, 4
1995-01-31, 2
1995-01-15, 2
1995-09-10, 2
1995-03-05, 1
1995-03-11, 1
1995-03-26, 2
1995-10-20, 1
1995-04-16, 1
1995-08-25, 1
1995-05-05, 1
1995-07-16, 1
1995-01-14, 1
1995-12-31, 1
1994-08-06, 1
1994-03-05, 1
1994-10-06, 3
1994-10-22, 1
1994-03-25, 1
1994-12-13, 1
1994-04-11, 4
1994-02-20, 2
1994-09-28, 1
1994-03-06, 1
1994-04-05, 1
1994-07-11, 1
1994-04-03, 2
1994-02-14, 1
1994-11-18, 1
1994-05-26, 1
1994-09-06, 2
1994-11-06, 2
1994-02-06, 4
1994-09-16, 2
1994-11-09, 1
1994-06-19, 2
1994-08-28, 2
1994-06-12, 2
1994-09-30, 1
1994-03-30, 1
1994-02-21, 1
1994-11-03, 1
1994-06-05, 1
1994-12-02, 1
1993-04-18, 1
1993-11-07, 1
1993-05-28, 1
1993-02-06, 1
1993-06-20, 2
1993-11-04, 2
1993-01-07, 1
1993-09-26, 1
1993-07-18, 6
1993-05-30, 1
1993-06-11, 1
1993-09-25, 1
1993-12-05, 1
1993-12-15, 1
1993-04-28, 1
1993-10-17, 2
1993-10-10, 2
1993-05-23, 2
1993-03-07, 2
1993-09-29, 1
1993-11-24, 1
1993-05-24, 1
1993-09-14, 1
1993-05-05, 1
1993-02-25, 1
1993-11-20, 1
1993-01-16, 1
1993-01-17, 1
1992-02-09, 1
1992-08-06, 1
1992-03-14, 1
1992-04-05, 2
1992-11-18, 4
1992-11-22, 2
1992-08-09, 2
1992-02-16, 2
1992-11-08, 2
1992-06-01, 2
1992-07-07, 1
1992-06-30, 2
1992-10-31, 1
1992-03-31, 1
1992-08-13, 1
1992-06-27, 1
1992-08-02, 2
1992-09-20, 2
1992-04-14, 1
1992-12-30, 1
1992-09-06, 2
1992-07-24, 1
1992-01-26, 1
1992-04-30, 1
1992-05-24, 1
1992-06-21, 2
1992-04-19, 2
1992-11-01, 2
1992-05-17, 4
1992-11-03, 2
1992-07-26, 3
1992-12-13, 2
1992-12-02, 2
1992-07-23, 2
1992-08-30, 2
1992-02-28, 3
1992-10-14, 1
1992-07-12, 1
1992-03-20, 1
1992-06-26, 1
1991-04-12, 1
1991-10-04, 4
1991-09-22, 2
1991-07-28, 2
1991-01-06, 2
1991-11-10, 2
1991-12-27, 1
1991-04-04, 2
1991-09-04, 1
1991-08-24, 1
1991-06-06, 1
1991-08-25, 2
1991-01-31, 2
1991-06-11, 2
1991-12-26, 1
1991-06-09, 2
1991-09-26, 1
1991-06-05, 1
1991-03-07, 1
1991-05-22, 1
1991-11-01, 1
1991-09-29, 2
1991-04-21, 2
1991-06-16, 2
1991-07-22, 2
1991-10-13, 2
1991-05-26, 2
1991-05-19, 2
1991-03-21, 1
1991-07-24, 1
1991-04-13, 1
1991-12-17, 1
1991-02-17, 1
1991-11-17, 1
1991-05-10, 1
1991-05-17, 1
1991-11-20, 1
1991-05-05, 1
1990-05-17, 1
1990-10-21, 5
1990-08-10, 1
1990-09-09, 1
1990-12-13, 1
1990-05-29, 2
1990-07-20, 2
1990-04-17, 2
1990-12-16, 1
1990-05-04, 1
1990-11-22, 3
1990-02-17, 1
1990-12-03, 1
1990-11-06, 1
1990-09-30, 4
1990-04-25, 1
1990-08-14, 1
1990-12-09, 1
1990-11-04, 2
1990-10-17, 2
1990-03-11, 2
1990-02-04, 2
1990-11-25, 2
1990-12-30, 2
1990-10-14, 3
1990-07-12, 1
1990-12-10, 1
1990-03-23, 1
1990-06-27, 1
1990-10-28, 1
1990-05-07, 1
1989-12-02, 1
1989-12-08, 1
1989-10-01, 7
1989-07-15, 1
1989-06-30, 1
1989-12-20, 1
1989-09-17, 1
1989-04-25, 2
1989-07-04, 3
1989-01-23, 1
1989-03-10, 1
1989-11-15, 1
1989-12-28, 1
1989-01-22, 2
1989-09-28, 2
1989-06-18, 2
1989-01-25, 2
1989-03-19, 4
1989-02-26, 2
1989-11-05, 2
1989-03-31, 2
1989-03-05, 4
1989-10-15, 2
1989-02-22, 2
1989-09-09, 2
1989-07-02, 1
1989-08-13, 2
1989-02-24, 2
1989-06-19, 1
1989-01-15, 1
1989-03-08, 2
1989-06-23, 1
1989-02-27, 1
1989-11-01, 1
1989-05-28, 1
1988-06-30, 1
1988-07-24, 1
1988-03-01, 1
1988-09-25, 2
1988-10-23, 2
1988-03-27, 1
1988-09-11, 2
1988-05-08, 2
1988-02-20, 2
1988-08-11, 2
1988-03-20, 2
1988-02-25, 1
1988-01-19, 1
1988-02-13, 1
1988-01-27, 1
1988-10-18, 1
1987-10-11, 1
1987-11-28, 1
1987-09-27, 1
1987-10-25, 2
1987-01-04, 5
1987-04-05, 2
1987-09-26, 2
1987-03-17, 1
1987-06-08, 2
1987-10-15, 1
1987-07-28, 1
1987-04-26, 2
1987-11-02, 1
1987-05-03, 4
1987-07-19, 2
1987-03-29, 2
1987-11-01, 4
1987-10-13, 4
1987-12-20, 3
1987-05-21, 2
1987-06-21, 2
1987-05-17, 2
1987-03-01, 2
1987-10-01, 1
1987-05-13, 1
1987-05-25, 1
1987-12-16, 1
1987-03-30, 1
1986-09-18, 1
1986-05-31, 1
1986-06-11, 1
1986-07-26, 1
1986-05-18, 2
1986-11-10, 2
1986-12-28, 3
1986-03-19, 2
1986-06-17, 1
1986-01-19, 1
1986-09-02, 1
1986-04-20, 2
1986-12-17, 2
1986-08-21, 2
1986-06-29, 2
1986-05-25, 2
1986-08-31, 2
1986-10-15, 2
1986-12-05, 1
1986-08-11, 1
1985-11-09, 1
1985-03-29, 1
1985-11-08, 1
1985-11-17, 1
1985-03-10, 4
1985-11-03, 2
1985-11-25, 1
1985-11-10, 4
1985-01-13, 1
1985-06-30, 1
1985-02-10, 4
1985-11-04, 1
1985-12-07, 1
1985-09-08, 2
1985-05-05, 2
1985-02-17, 2
1985-11-24, 2
1985-03-03, 2
1985-10-20, 2
1985-05-20, 2
1985-04-28, 2
1985-06-09, 2
1985-12-24, 1
1985-04-22, 1
1985-05-15, 1
1985-06-01, 1
1984-12-20, 2
1984-05-11, 2
1984-11-04, 2
1984-01-06, 1
1984-07-29, 4
1984-02-01, 2
1984-11-01, 1
1984-11-06, 2
1984-07-15, 2
1984-05-24, 2
1984-12-01, 1
1984-12-30, 2
1984-12-09, 2
1984-05-13, 2
1984-07-18, 1
1984-12-14, 1
1984-07-17, 1
1984-12-22, 1
1984-12-16, 1
1983-03-18, 1
1983-05-30, 1
1983-10-10, 1
1983-04-15, 2
1983-05-25, 2
1983-06-16, 1
1983-12-18, 1
1983-09-15, 1
1983-11-18, 1
1983-09-25, 1
1983-03-06, 4
1983-09-04, 2
1983-05-22, 2
1983-03-23, 2
1983-06-12, 1
1983-06-26, 1
1983-05-14, 1
1983-03-25, 1
1983-08-07, 1
1983-12-04, 2
1983-02-18, 1
1983-04-13, 1
1983-04-04, 1
1983-04-24, 1
1983-03-30, 1
1983-09-10, 1
1983-09-18, 1
1983-07-18, 2
1983-05-20, 1
1983-07-23, 1
1983-05-27, 1
1983-04-29, 1
1983-11-10, 1
1983-07-10, 1
1983-10-29, 2
1983-02-13, 2
1983-10-16, 2
1983-10-07, 3
1983-04-12, 2
1983-10-21, 2
1983-02-27, 2
1983-08-22, 1
1983-01-18, 1
1983-11-21, 1
1983-09-02, 1
1983-10-19, 1
1983-02-22, 1
1983-08-30, 1
1983-11-13, 1
1983-05-01, 1
1983-05-08, 1
1983-09-29, 1
1982-11-16, 1
1982-09-26, 1
1982-08-07, 1
1982-10-06, 1
1982-10-17, 5
1982-08-29, 3
1982-03-14, 2
1982-10-10, 3
1982-07-04, 2
1982-01-11, 2
1982-05-11, 1
1982-04-07, 1
1982-07-13, 1
1982-03-10, 1
1982-09-05, 1
1982-02-22, 1
1982-01-10, 1
1982-02-04, 1
1982-05-02, 1
1982-09-22, 1
1982-11-12, 1
1982-11-19, 1
1982-08-21, 1
1982-10-08, 1
1982-05-19, 1
1982-06-24, 1
1982-06-20, 1
1982-09-12, 1
1982-09-10, 1
1982-05-29, 1
1982-09-19, 2
1982-06-06, 1
1982-07-02, 1
1982-03-16, 1
1982-06-17, 1
1982-10-21, 1
1982-11-10, 1
1982-05-30, 1
1982-06-01, 1
1982-06-23, 1
1982-06-16, 1
1982-03-28, 1
1982-06-25, 1
1982-08-23, 1
1982-10-31, 1
1982-10-14, 1
1982-10-24, 1
1982-01-01, 1
1982-03-19, 1
1981-11-27, 1
1981-10-08, 1
1981-03-07, 1
1981-06-15, 2
1981-09-22, 2
1981-09-27, 2
1981-11-22, 1
1981-09-20, 2
1981-08-23, 2
1981-02-06, 2
1981-11-09, 1
1981-04-05, 2
1981-05-10, 2
1981-08-14, 2
1981-01-09, 1
1981-07-12, 2
1981-06-23, 1
1981-09-14, 1
1981-10-09, 1
1981-06-18, 1
1981-12-21, 1
1981-11-17, 1
1981-06-09, 1
1981-01-22, 1
1981-01-08, 1
1981-03-13, 1
1981-07-03, 1
1981-10-11, 4
1981-10-25, 2
1981-08-18, 1
1981-07-02, 1
1981-05-24, 2
1981-07-28, 1
1981-05-11, 2
1981-08-31, 2
1981-07-26, 1
1981-12-18, 1
1981-05-06, 1
1981-04-17, 1
1981-01-20, 1
1981-06-05, 1
1981-05-08, 1
1981-08-13, 1
1981-02-19, 1
1981-11-01, 1
1981-01-21, 1
1980-08-14, 1
1979-09-18, 1
1979-08-03, 1
1979-11-02, 1
1979-04-30, 1
1979-06-30, 1
1979-12-19, 1
1978-04-19, 1
1978-07-28, 1
1977-01-11, 1
1977-12-26, 1
1976-05-21, 1
1976-11-24, 1
1975-09-21, 1
1975-06-30, 1
1975-05-23, 1
1975-10-31, 1
1974-10-14, 1
1974-07-14, 1
1973-08-07, 1
1972-02-21, 1
1972-12-17, 2
1972-12-19, 2
1972-12-16, 1
1971-08-10, 1
1970-05-23, 1
1970-06-06, 1
1969-11-11, 1
1969-02-16, 1
1968-09-13, 1
1967-10-04, 1
1964-10-24, 1
1964-09-03, 1
1964-07-06, 1
1964-09-01, 1
1963-10-22, 1
1962-07-09, 1
1961-02-11, 1
1956-06-06, 1
1956-10-18, 1
1956-09-30, 1
1943-04-11, 1
1929-12-29, 1
1925-03-02, 1
1920-05-17, 1
1886-08-20, 1
